clip_id,ts,tentative_type,final_type,anchor_reason,extension_reason
20260503_205835/d001,0.000,graphic,graphic,,
20260503_205835/d001,0.333,graphic,graphic,,
20260503_205835/d001,0.667,graphic,graphic,,
20260503_205835/d001,1.000,graphic,graphic,,
20260503_205835/d001,1.333,graphic,graphic,,
20260503_205835/d001,1.667,graphic,graphic,,
20260503_205835/d001,2.000,graphic,graphic,,
20260503_205835/d001,2.333,pre_post,pre_post,,
20260503_205835/d001,2.667,pre_post,pre_post,,
20260503_205835/d001,3.000,pre_post,pre_post,,
20260503_205835/d001,3.333,pre_post,pre_post,,
20260503_205835/d001,3.667,pre_post,pre_post,,
20260503_205835/d001,4.000,pre_post,pre_post,,
20260503_205835/d001,4.333,pre_post,pre_post,,
20260503_205835/d001,4.667,graphic,graphic,,
20260503_205835/d001,5.000,umpire_signal,umpire_signal,,
20260503_205835/d001,5.333,pre_post,pre_post,,
20260503_205835/d001,5.667,pre_post,pre_post,,
20260503_205835/d001,6.000,pre_post,pre_post,,
20260503_205835/d001,6.333,pre_post,pre_post,,
20260503_205835/d001,6.667,delivery,delivery,prod_release,
20260503_205835/d001,7.000,pre_post,delivery,forward_extension,forward_extension
20260503_205835/d001,7.333,pre_post,delivery,forward_extension,forward_extension
20260503_205835/d001,7.667,pre_post,pre_post,,
20260503_205835/d001,8.000,pre_post,pre_post,,
20260503_205835/d001,8.333,graphic,graphic,,
20260503_205835/d001,8.667,graphic,graphic,,
20260503_205835/d001,9.000,graphic,graphic,,
20260503_205835/d001,9.333,pre_post,pre_post,,
20260503_205835/d001,9.667,graphic,graphic,,
20260503_205835/d002,0.000,graphic,graphic,,
20260503_205835/d002,0.333,pre_post,pre_post,,
20260503_205835/d002,0.667,pre_post,pre_post,,
20260503_205835/d002,1.000,pre_post,pre_post,,
20260503_205835/d002,1.333,pre_post,pre_post,,
20260503_205835/d002,1.667,graphic,graphic,,
20260503_205835/d002,2.000,pre_post,pre_post,,
20260503_205835/d002,2.333,pre_post,pre_post,,
20260503_205835/d002,2.667,pre_post,pre_post,,
20260503_205835/d002,3.000,pre_post,pre_post,,
20260503_205835/d002,3.333,graphic,graphic,,
20260503_205835/d002,3.667,graphic,graphic,,
20260503_205835/d002,4.000,graphic,graphic,,
20260503_205835/d002,4.333,graphic,graphic,,
20260503_205835/d002,4.667,graphic,graphic,,
20260503_205835/d002,5.000,graphic,graphic,,
20260503_205835/d002,5.333,graphic,graphic,,
20260503_205835/d002,5.667,pre_post,pre_post,,
20260503_205835/d002,6.000,graphic,graphic,,
20260503_205835/d002,6.333,graphic,graphic,,
20260503_205835/d002,6.667,graphic,graphic,,
20260503_205835/d002,7.000,graphic,graphic,,
20260503_205835/d002,7.333,pre_post,pre_post,,
20260503_205835/d002,7.667,pre_post,pre_post,,
20260503_205835/d002,8.000,pre_post,pre_post,,
20260503_205835/d002,8.333,pre_post,pre_post,,
20260503_205835/d002,8.667,pre_post,pre_post,,
20260503_205835/d002,9.000,graphic,graphic,,
20260503_205835/d002,9.333,graphic,graphic,,
20260503_205835/d002,9.667,graphic,graphic,,
20260503_205835/d003,0.000,pre_post,pre_post,,
20260503_205835/d003,0.333,pre_post,pre_post,,
20260503_205835/d003,0.667,pre_post,pre_post,,
20260503_205835/d003,1.000,pre_post,pre_post,,
20260503_205835/d003,1.333,pre_post,pre_post,,
20260503_205835/d003,1.667,pre_post,pre_post,,
20260503_205835/d003,2.000,delivery_candidate,pre_post,,
20260503_205835/d003,2.333,pre_post,pre_post,,
20260503_205835/d003,2.667,pre_post,pre_post,,
20260503_205835/d003,3.000,pre_post,pre_post,,
20260503_205835/d003,3.333,pre_post,pre_post,,
20260503_205835/d003,3.667,pre_post,pre_post,,
20260503_205835/d003,4.000,pre_post,pre_post,,
20260503_205835/d003,4.333,pre_post,pre_post,,
20260503_205835/d003,4.667,pre_post,pre_post,,
20260503_205835/d003,5.000,pre_post,pre_post,,
20260503_205835/d003,5.333,pre_post,pre_post,,
20260503_205835/d003,5.667,pre_post,pre_post,,
20260503_205835/d003,6.000,pre_post,pre_post,,
20260503_205835/d003,6.333,pre_post,pre_post,,
20260503_205835/d003,6.667,pre_post,pre_post,,
20260503_205835/d003,7.000,pre_post,pre_post,,
20260503_205835/d003,7.333,pre_post,pre_post,,
20260503_205835/d003,7.667,pre_post,pre_post,,
20260503_205835/d003,8.000,pre_post,pre_post,,
20260503_205835/d003,8.333,pre_post,pre_post,,
20260503_205835/d003,8.667,pre_post,pre_post,,
20260503_205835/d003,9.000,pre_post,pre_post,,
20260503_205835/d003,9.333,pre_post,pre_post,,
20260503_205835/d003,9.667,pre_post,pre_post,,
20260503_205835/d004,0.000,pre_post,pre_post,,
20260503_205835/d004,0.333,pre_post,pre_post,,
20260503_205835/d004,0.667,pre_post,pre_post,,
20260503_205835/d004,1.000,delivery_candidate,pre_post,,
20260503_205835/d004,1.333,pre_post,pre_post,,
20260503_205835/d004,1.667,delivery,delivery,prod_post_shot,
20260503_205835/d004,2.000,delivery,delivery,prod_release,
20260503_205835/d004,2.333,delivery,delivery,prod_shot,
20260503_205835/d004,2.667,delivery,delivery,prod_shot,
20260503_205835/d004,3.000,pre_post,delivery,forward_extension,forward_extension
20260503_205835/d004,3.333,pre_post,delivery,forward_extension,forward_extension
20260503_205835/d004,3.667,pre_post,delivery,forward_extension,forward_extension
20260503_205835/d004,4.000,pre_post,pre_post,,
20260503_205835/d004,4.333,pre_post,pre_post,,
20260503_205835/d004,4.667,delivery_candidate,pre_post,,
20260503_205835/d004,5.000,delivery_candidate,pre_post,,
20260503_205835/d004,5.333,pre_post,pre_post,,
20260503_205835/d004,5.667,pre_post,pre_post,,
20260503_205835/d004,6.000,pre_post,pre_post,,
20260503_205835/d004,6.333,pre_post,pre_post,,
20260503_205835/d004,6.667,pre_post,pre_post,,
20260503_205835/d004,7.000,pre_post,pre_post,,
20260503_205835/d004,7.333,pre_post,pre_post,,
20260503_205835/d004,7.667,pre_post,pre_post,,
20260503_205835/d004,8.000,pre_post,pre_post,,
20260503_205835/d004,8.333,pre_post,pre_post,,
20260503_205835/d004,8.667,pre_post,pre_post,,
20260503_205835/d004,9.000,pre_post,pre_post,,
20260503_205835/d004,9.333,pre_post,pre_post,,
20260503_205835/d004,9.667,pre_post,pre_post,,
20260503_205835/d005,0.000,delivery,delivery,prod_shot,
20260503_205835/d005,0.333,replay,replay,,
20260503_205835/d005,0.667,replay,replay,,
20260503_205835/d005,1.000,delivery_candidate,pre_post,,
20260503_205835/d005,1.333,pre_post,pre_post,,
20260503_205835/d005,1.667,pre_post,pre_post,,
20260503_205835/d005,2.000,delivery,delivery,prod_release,
20260503_205835/d005,2.333,pre_post,delivery,forward_extension,forward_extension
20260503_205835/d005,2.667,delivery,delivery,prod_shot,
20260503_205835/d005,3.000,delivery,delivery,prod_release,
20260503_205835/d005,3.333,pre_post,delivery,forward_extension,forward_extension
20260503_205835/d005,3.667,pre_post,delivery,forward_extension,forward_extension
20260503_205835/d005,4.000,pre_post,delivery,forward_extension,forward_extension
20260503_205835/d005,4.333,pre_post,pre_post,,
20260503_205835/d005,4.667,pre_post,pre_post,,
20260503_205835/d005,5.000,pre_post,pre_post,,
20260503_205835/d005,5.333,pre_post,pre_post,,
20260503_205835/d005,5.667,pre_post,pre_post,,
20260503_205835/d005,6.000,replay,replay,,
20260503_205835/d005,6.333,graphic,graphic,,
20260503_205835/d005,6.667,pre_post,pre_post,,
20260503_205835/d005,7.000,umpire_signal,umpire_signal,,
20260503_205835/d005,7.333,pre_post,pre_post,,
20260503_205835/d005,7.667,pre_post,pre_post,,
20260503_205835/d005,8.000,pre_post,pre_post,,
20260503_205835/d005,8.333,delivery_candidate,delivery,backward_backfill,backward_backfill
20260503_205835/d005,8.667,delivery,delivery,prod_shot,
20260503_205835/d005,9.000,delivery,delivery,prod_shot,
20260503_205835/d005,9.333,pre_post,delivery,forward_extension,forward_extension
20260503_205835/d005,9.667,pre_post,delivery,forward_extension,forward_extension
20260503_205835/d006,0.000,pre_post,pre_post,,
20260503_205835/d006,0.333,pre_post,pre_post,,
20260503_205835/d006,0.667,pre_post,pre_post,,
20260503_205835/d006,1.000,pre_post,pre_post,,
20260503_205835/d006,1.333,pre_post,pre_post,,
20260503_205835/d006,1.667,pre_post,pre_post,,
20260503_205835/d006,2.000,pre_post,pre_post,,
20260503_205835/d006,2.333,pre_post,pre_post,,
20260503_205835/d006,2.667,pre_post,pre_post,,
20260503_205835/d006,3.000,pre_post,pre_post,,
20260503_205835/d006,3.333,pre_post,pre_post,,
20260503_205835/d006,3.667,pre_post,pre_post,,
20260503_205835/d006,4.000,pre_post,pre_post,,
20260503_205835/d006,4.333,pre_post,pre_post,,
20260503_205835/d006,4.667,pre_post,pre_post,,
20260503_205835/d006,5.000,pre_post,pre_post,,
20260503_205835/d006,5.333,pre_post,pre_post,,
20260503_205835/d006,5.667,graphic,graphic,,
20260503_205835/d006,6.000,graphic,graphic,,
20260503_205835/d006,6.333,pre_post,pre_post,,
20260503_205835/d006,6.667,pre_post,pre_post,,
20260503_205835/d006,7.000,pre_post,pre_post,,
20260503_205835/d006,7.333,pre_post,pre_post,,
20260503_205835/d006,7.667,pre_post,pre_post,,
20260503_205835/d006,8.000,pre_post,pre_post,,
20260503_205835/d006,8.333,pre_post,pre_post,,
20260503_205835/d006,8.667,pre_post,pre_post,,
20260503_205835/d006,9.000,graphic,graphic,,
20260503_205835/d006,9.333,graphic,graphic,,
20260503_205835/d006,9.667,pre_post,pre_post,,
20260503_205835/d007,0.000,delivery_candidate,pre_post,,
20260503_205835/d007,0.333,delivery,delivery,prod_post_shot,
20260503_205835/d007,0.667,delivery_candidate,delivery,forward_extension,forward_extension
20260503_205835/d007,1.000,delivery_candidate,delivery,forward_extension,forward_extension
20260503_205835/d007,1.333,delivery,delivery,prod_shot,
20260503_205835/d007,1.667,delivery_candidate,delivery,forward_extension,forward_extension
20260503_205835/d007,2.000,pre_post,pre_post,,
20260503_205835/d007,2.333,pre_post,pre_post,,
20260503_205835/d007,2.667,pre_post,pre_post,,
20260503_205835/d007,3.000,pre_post,pre_post,,
20260503_205835/d007,3.333,pre_post,pre_post,,
20260503_205835/d007,3.667,delivery_candidate,pre_post,,
20260503_205835/d007,4.000,pre_post,pre_post,,
20260503_205835/d007,4.333,delivery_candidate,pre_post,,
20260503_205835/d007,4.667,pre_post,pre_post,,
20260503_205835/d007,5.000,pre_post,pre_post,,
20260503_205835/d007,5.333,pre_post,pre_post,,
20260503_205835/d007,5.667,delivery_candidate,pre_post,,
20260503_205835/d007,6.000,delivery,pre_post,prod_release,
20260503_205835/d007,6.333,pre_post,pre_post,,
20260503_205835/d007,6.667,pre_post,pre_post,,
20260503_205835/d007,7.000,pre_post,pre_post,,
20260503_205835/d007,7.333,pre_post,pre_post,,
20260503_205835/d007,7.667,pre_post,pre_post,,
20260503_205835/d007,8.000,pre_post,pre_post,,
20260503_205835/d007,8.333,pre_post,pre_post,,
20260503_205835/d007,8.667,pre_post,pre_post,,
20260503_205835/d007,9.000,pre_post,pre_post,,
20260503_205835/d007,9.333,pre_post,pre_post,,
20260503_205835/d007,9.667,pre_post,pre_post,,
20260503_205835/d008,0.000,pre_post,pre_post,,
20260503_205835/d008,0.333,pre_post,pre_post,,
20260503_205835/d008,0.667,pre_post,pre_post,,
20260503_205835/d008,1.000,pre_post,pre_post,,
20260503_205835/d008,1.333,pre_post,pre_post,,
20260503_205835/d008,1.667,pre_post,pre_post,,
20260503_205835/d008,2.000,pre_post,pre_post,,
20260503_205835/d008,2.333,pre_post,pre_post,,
20260503_205835/d008,2.667,pre_post,pre_post,,
20260503_205835/d008,3.000,pre_post,pre_post,,
20260503_205835/d008,3.333,pre_post,pre_post,,
20260503_205835/d008,3.667,pre_post,pre_post,,
20260503_205835/d008,4.000,pre_post,pre_post,,
20260503_205835/d008,4.333,pre_post,pre_post,,
20260503_205835/d008,4.667,pre_post,pre_post,,
20260503_205835/d008,5.000,pre_post,pre_post,,
20260503_205835/d008,5.333,pre_post,pre_post,,
20260503_205835/d008,5.667,pre_post,pre_post,,
20260503_205835/d008,6.000,pre_post,pre_post,,
20260503_205835/d008,6.333,pre_post,pre_post,,
20260503_205835/d008,6.667,pre_post,pre_post,,
20260503_205835/d008,7.000,pre_post,pre_post,,
20260503_205835/d008,7.333,pre_post,pre_post,,
20260503_205835/d008,7.667,pre_post,pre_post,,
20260503_205835/d008,8.000,pre_post,pre_post,,
20260503_205835/d008,8.333,pre_post,pre_post,,
20260503_205835/d008,8.667,graphic,graphic,,
20260503_205835/d008,9.000,pre_post,pre_post,,
20260503_205835/d008,9.333,pre_post,pre_post,,
20260503_205835/d008,9.667,pre_post,pre_post,,
20260421_195050/d046,0.000,pre_post,pre_post,,
20260421_195050/d046,0.333,pre_post,pre_post,,
20260421_195050/d046,0.667,pre_post,pre_post,,
20260421_195050/d046,1.000,pre_post,pre_post,,
20260421_195050/d046,1.333,pre_post,pre_post,,
20260421_195050/d046,1.667,pre_post,pre_post,,
20260421_195050/d046,2.000,pre_post,pre_post,,
20260421_195050/d046,2.333,delivery,delivery,prod_flight,
20260421_195050/d046,2.667,pre_post,delivery,forward_extension,forward_extension
20260421_195050/d046,3.000,pre_post,delivery,forward_extension,forward_extension
20260421_195050/d046,3.333,pre_post,delivery,forward_extension,forward_extension
20260421_195050/d046,3.667,delivery_candidate,delivery,forward_extension,forward_extension
20260421_195050/d046,4.000,delivery_candidate,delivery,forward_extension,forward_extension
20260421_195050/d046,4.333,pre_post,delivery,forward_extension,forward_extension
20260421_195050/d046,4.667,delivery_candidate,delivery,forward_extension,forward_extension
20260421_195050/d046,5.000,delivery_candidate,delivery,forward_extension,forward_extension
20260421_195050/d046,5.333,pre_post,delivery,forward_extension,forward_extension
20260421_195050/d046,5.667,delivery,delivery,prod_flight,
20260421_195050/d046,6.000,delivery,delivery,prod_shot,
20260421_195050/d046,6.333,delivery,delivery,prod_shot,
20260421_195050/d046,6.667,pre_post,delivery,forward_extension,forward_extension
20260421_195050/d046,7.000,pre_post,delivery,forward_extension,forward_extension
20260421_195050/d046,7.333,pre_post,delivery,forward_extension,forward_extension
20260421_195050/d046,7.667,pre_post,pre_post,,
20260421_195050/d046,8.000,pre_post,pre_post,,
20260421_195050/d046,8.333,pre_post,pre_post,,
20260421_195050/d046,8.667,pre_post,pre_post,,
20260421_195050/d046,9.000,pre_post,pre_post,,
20260421_195050/d046,9.333,delivery_candidate,pre_post,,
20260421_195050/d046,9.667,pre_post,pre_post,,
20260421_195050/d046,10.000,delivery_candidate,delivery,action_anchor,
20260421_195050/d046,10.333,delivery_candidate,delivery,action_anchor,
20260421_195050/d046,10.667,delivery_candidate,delivery,action_anchor,
20260421_195050/d046,11.000,pre_post,delivery,forward_extension,forward_extension
20260421_195050/d046,11.333,pre_post,delivery,forward_extension,forward_extension
20260421_195050/d046,11.667,pre_post,delivery,forward_extension,forward_extension
20260421_195050/d046,12.000,pre_post,pre_post,,
20260421_195050/d046,12.333,pre_post,pre_post,,
20260421_195050/d046,12.667,pre_post,pre_post,,
20260421_195050/d046,13.000,pre_post,pre_post,,
20260421_195050/d046,13.333,pre_post,pre_post,,
20260421_195050/d046,13.667,pre_post,pre_post,,
20260421_195050/d046,14.000,pre_post,pre_post,,
20260421_195050/d046,14.333,pre_post,pre_post,,
20260421_195050/d046,14.667,pre_post,pre_post,,
20260421_195050/d046,15.000,pre_post,pre_post,,
20260421_195050/d046,15.333,pre_post,pre_post,,
20260420_202239/d015,0.000,pre_post,pre_post,,
20260420_202239/d015,0.333,pre_post,pre_post,,
20260420_202239/d015,0.667,pre_post,pre_post,,
20260420_202239/d015,1.000,pre_post,pre_post,,
20260420_202239/d015,1.333,pre_post,pre_post,,
20260420_202239/d015,1.667,pre_post,pre_post,,
20260420_202239/d015,2.000,pre_post,pre_post,,
20260420_202239/d015,2.333,pre_post,pre_post,,
20260420_202239/d015,2.667,pre_post,pre_post,,
20260420_202239/d015,3.000,pre_post,pre_post,,
20260420_202239/d015,3.333,pre_post,pre_post,,
20260420_202239/d015,3.667,pre_post,pre_post,,
20260420_202239/d015,4.000,pre_post,pre_post,,
20260420_202239/d015,4.333,pre_post,pre_post,,
20260420_202239/d015,4.667,pre_post,pre_post,,
20260420_202239/d015,5.000,pre_post,pre_post,,
20260420_202239/d015,5.333,pre_post,pre_post,,
20260420_202239/d015,5.667,pre_post,pre_post,,
20260420_202239/d015,6.000,pre_post,pre_post,,
20260420_202239/d015,6.333,pre_post,pre_post,,
20260420_202239/d015,6.667,pre_post,pre_post,,
20260420_202239/d015,7.000,pre_post,pre_post,,
20260420_202239/d015,7.333,pre_post,pre_post,,
20260420_202239/d015,7.667,pre_post,pre_post,,
20260420_202239/d015,8.000,delivery_candidate,delivery,action_anchor,
20260420_202239/d015,8.333,delivery_candidate,delivery,action_anchor,
20260420_202239/d015,8.667,delivery_candidate,delivery,action_anchor,
20260420_202239/d015,9.000,pre_post,delivery,forward_extension,forward_extension
20260420_202239/d015,9.333,pre_post,delivery,forward_extension,forward_extension
20260420_202239/d015,9.667,pre_post,delivery,forward_extension,forward_extension
20260420_202239/d015,10.000,delivery_candidate,delivery,forward_extension,forward_extension
20260420_202239/d015,10.333,pre_post,delivery,forward_extension,forward_extension
20260420_202239/d015,10.667,delivery_candidate,delivery,forward_extension,forward_extension
20260420_202239/d015,11.000,pre_post,delivery,forward_extension,forward_extension
20260420_202239/d015,11.333,pre_post,delivery,forward_extension,forward_extension
20260420_202239/d015,11.667,pre_post,delivery,forward_extension,forward_extension
20260420_202239/d015,12.000,pre_post,pre_post,,
20260420_202239/d015,12.333,delivery_candidate,pre_post,,
20260420_202239/d015,12.667,delivery_candidate,pre_post,,
20260420_202239/d015,13.000,pre_post,pre_post,,
20260420_202239/d015,13.333,delivery_candidate,pre_post,,
20260420_202239/d015,13.667,delivery_candidate,pre_post,,
20260420_202239/d015,14.000,pre_post,pre_post,,
20260420_202239/d015,14.333,pre_post,pre_post,,
20260420_202239/d015,14.667,pre_post,pre_post,,
20260420_202239/d015,15.000,pre_post,pre_post,,
20260420_202239/d015,15.333,pre_post,pre_post,,
20260420_202239/d015,15.667,pre_post,pre_post,,
20260420_202239/d015,16.000,pre_post,pre_post,,
20260420_202239/d015,16.333,pre_post,pre_post,,
20260420_202239/d015,16.667,pre_post,pre_post,,
20260420_202239/d015,17.000,pre_post,pre_post,,
20260420_202239/d015,17.333,pre_post,pre_post,,
20260420_202239/d015,17.667,pre_post,pre_post,,
20260420_202239/d015,18.000,delivery_candidate,delivery,action_anchor,
20260420_202239/d015,18.333,delivery_candidate,delivery,action_anchor,
20260420_202239/d015,18.667,delivery_candidate,delivery,action_anchor,
20260420_202239/d015,19.000,delivery_candidate,delivery,action_anchor,
20260420_202239/d015,19.333,pre_post,delivery,forward_extension,forward_extension
20260420_202239/d015,19.667,pre_post,delivery,forward_extension,forward_extension
20260420_202239/d015,20.000,pre_post,delivery,forward_extension,forward_extension
20260420_202239/d015,20.333,pre_post,pre_post,,
20260420_202239/d015,20.667,pre_post,pre_post,,
20260420_202239/d015,21.000,pre_post,pre_post,,
20260420_202239/d015,21.333,pre_post,pre_post,,
20260420_202239/d015,21.667,replay,replay,,
20260420_202239/d015,22.000,replay,replay,,
20260420_202239/d015,22.333,pre_post,pre_post,,
20260420_202239/d015,22.667,pre_post,pre_post,,
20260420_202239/d015,23.000,delivery,delivery,prod_release,
20260420_202239/d004,0.000,pre_post,pre_post,,
20260420_202239/d004,0.333,pre_post,pre_post,,
20260420_202239/d004,0.667,pre_post,pre_post,,
20260420_202239/d004,1.000,pre_post,pre_post,,
20260420_202239/d004,1.333,pre_post,pre_post,,
20260420_202239/d004,1.667,pre_post,pre_post,,
20260420_202239/d004,2.000,pre_post,pre_post,,
20260420_202239/d004,2.333,pre_post,pre_post,,
20260420_202239/d004,2.667,pre_post,pre_post,,
20260420_202239/d004,3.000,pre_post,pre_post,,
20260420_202239/d004,3.333,pre_post,pre_post,,
20260420_202239/d004,3.667,pre_post,pre_post,,
20260420_202239/d004,4.000,pre_post,pre_post,,
20260420_202239/d004,4.333,pre_post,pre_post,,
20260420_202239/d004,4.667,delivery_candidate,delivery,backward_backfill,backward_backfill
20260420_202239/d004,5.000,pre_post,delivery,backward_backfill,backward_backfill
20260420_202239/d004,5.333,delivery_candidate,delivery,action_anchor,
20260420_202239/d004,5.667,delivery_candidate,delivery,action_anchor,
20260420_202239/d004,6.000,delivery_candidate,delivery,action_anchor,
20260420_202239/d004,6.333,delivery,delivery,prod_shot,
20260420_202239/d004,6.667,pre_post,delivery,forward_extension,forward_extension
20260420_202239/d004,7.000,delivery,delivery,prod_post_shot,
20260420_202239/d004,7.333,pre_post,delivery,forward_extension,forward_extension
20260420_202239/d004,7.667,delivery,delivery,prod_shot,
20260420_202239/d004,8.000,pre_post,delivery,forward_extension,forward_extension
20260420_202239/d004,8.333,pre_post,delivery,forward_extension,forward_extension
20260420_202239/d004,8.667,pre_post,delivery,forward_extension,forward_extension
20260420_202239/d004,9.000,pre_post,pre_post,,
20260420_202239/d004,9.333,delivery_candidate,delivery,action_anchor,
20260420_202239/d004,9.667,delivery_candidate,delivery,action_anchor,
20260420_202239/d004,10.000,delivery_candidate,delivery,action_anchor,
20260420_202239/d004,10.333,delivery,delivery,prod_flight,
20260420_202239/d004,10.667,delivery_candidate,delivery,forward_extension,forward_extension
20260420_202239/d004,11.000,pre_post,delivery,forward_extension,forward_extension
20260420_202239/d004,11.333,delivery_candidate,delivery,forward_extension,forward_extension
20260420_202239/d004,11.667,delivery_candidate,delivery,forward_extension,forward_extension
20260420_202239/d004,12.000,pre_post,delivery,forward_extension,forward_extension
20260420_202239/d004,12.333,pre_post,delivery,forward_extension,forward_extension
20260420_202239/d004,12.667,graphic,graphic,,
20260420_202239/d004,13.000,pre_post,pre_post,,
20260420_202239/d004,13.333,pre_post,pre_post,,
20260420_202239/d004,13.667,delivery_candidate,pre_post,,
20260420_202239/d004,14.000,delivery,delivery,prod_release,
20260420_202239/d004,14.333,pre_post,delivery,forward_extension,forward_extension
20260420_202239/d004,14.667,delivery_candidate,delivery,action_anchor,
20260420_202239/d004,15.000,delivery_candidate,delivery,action_anchor,
20260420_202239/d004,15.333,delivery_candidate,delivery,action_anchor,
20260420_202239/d004,15.667,delivery_candidate,delivery,action_anchor,
20260420_202239/d004,16.000,delivery_candidate,delivery,action_anchor,
20260420_202239/d004,16.333,pre_post,delivery,forward_extension,forward_extension
20260420_202239/d004,16.667,delivery_candidate,delivery,forward_extension,forward_extension
20260420_202239/d004,17.000,pre_post,delivery,forward_extension,forward_extension
20260420_202239/d004,17.333,delivery_candidate,delivery,forward_extension,forward_extension
20260420_202239/d004,17.667,delivery,delivery,prod_release,
20260420_202239/d004,18.000,pre_post,delivery,forward_extension,forward_extension
20260420_202239/d004,18.333,delivery_candidate,pre_post,,
20260420_202239/d004,18.667,delivery,delivery,prod_release,
20260420_202239/d004,19.000,pre_post,delivery,forward_extension,forward_extension
20260420_202239/d004,19.333,pre_post,delivery,forward_extension,forward_extension
20260420_202239/d004,19.667,pre_post,delivery,forward_extension,forward_extension
20260420_202239/d004,20.000,pre_post,pre_post,,
20260420_202239/d004,20.333,pre_post,pre_post,,
20260420_202239/d004,20.667,pre_post,pre_post,,
20260420_202239/d004,21.000,pre_post,pre_post,,
20260421_195050/d059,0.000,pre_post,pre_post,,
20260421_195050/d059,0.333,pre_post,pre_post,,
20260421_195050/d059,0.667,pre_post,pre_post,,
20260421_195050/d059,1.000,pre_post,pre_post,,
20260421_195050/d059,1.333,pre_post,pre_post,,
20260421_195050/d059,1.667,pre_post,pre_post,,
20260421_195050/d059,2.000,pre_post,pre_post,,
20260421_195050/d059,2.333,delivery_candidate,delivery,backward_backfill,backward_backfill
20260421_195050/d059,2.667,pre_post,delivery,backward_backfill,backward_backfill
20260421_195050/d059,3.000,pre_post,delivery,backward_backfill,backward_backfill
20260421_195050/d059,3.333,delivery_candidate,delivery,backward_backfill,backward_backfill
20260421_195050/d059,3.667,drs,delivery,backward_backfill,backward_backfill
20260421_195050/d059,4.000,delivery,delivery,prod_shot,
20260421_195050/d059,4.333,delivery,delivery,prod_shot,
20260421_195050/d059,4.667,pre_post,delivery,forward_extension,forward_extension
20260421_195050/d059,5.000,delivery_candidate,delivery,forward_extension,forward_extension
20260421_195050/d059,5.333,graphic,graphic,,
20260421_195050/d059,5.667,pre_post,pre_post,,
20260421_195050/d059,6.000,pre_post,pre_post,,
20260421_195050/d059,6.333,delivery_candidate,delivery,backward_backfill,backward_backfill
20260421_195050/d059,6.667,delivery,delivery,prod_post_shot,
20260421_195050/d059,7.000,pre_post,delivery,forward_extension,forward_extension
20260421_195050/d059,7.333,pre_post,delivery,forward_extension,forward_extension
20260421_195050/d059,7.667,delivery_candidate,delivery,forward_extension,forward_extension
20260421_195050/d059,8.000,pre_post,delivery,forward_extension,forward_extension
20260421_195050/d059,8.333,pre_post,delivery,forward_extension,forward_extension
20260421_195050/d059,8.667,pre_post,delivery,forward_extension,forward_extension
20260421_195050/d059,9.000,pre_post,pre_post,,
20260421_195050/d059,9.333,pre_post,pre_post,,
20260421_195050/d059,9.667,pre_post,pre_post,,
20260421_195050/d059,10.000,pre_post,pre_post,,
20260421_195050/d059,10.333,pre_post,pre_post,,
20260421_195050/d059,10.667,pre_post,pre_post,,
20260420_202239/d036,0.000,delivery,delivery,prod_release,
20260420_202239/d036,0.333,delivery,delivery,prod_post_shot,
20260420_202239/d036,0.667,delivery_candidate,delivery,forward_extension,forward_extension
20260420_202239/d036,1.000,replay,replay,,
20260420_202239/d036,1.333,pre_post,pre_post,,
20260420_202239/d036,1.667,pre_post,pre_post,,
20260420_202239/d036,2.000,pre_post,pre_post,,
20260420_202239/d036,2.333,pre_post,pre_post,,
20260420_202239/d036,2.667,pre_post,pre_post,,
20260420_202239/d036,3.000,pre_post,pre_post,,
20260420_202239/d036,3.333,pre_post,pre_post,,
20260420_202239/d036,3.667,replay,replay,,
20260420_202239/d036,4.000,delivery_candidate,delivery,action_anchor,
20260420_202239/d036,4.333,delivery_candidate,delivery,action_anchor,
20260420_202239/d036,4.667,delivery_candidate,delivery,action_anchor,
20260420_202239/d036,5.000,delivery_candidate,delivery,action_anchor,
20260420_202239/d036,5.333,delivery_candidate,delivery,action_anchor,
20260420_202239/d036,5.667,pre_post,delivery,forward_extension,forward_extension
20260420_202239/d036,6.000,replay,replay,,
20260420_202239/d036,6.333,replay,replay,,
20260420_202239/d036,6.667,replay,replay,,
20260420_202239/d036,7.000,delivery_candidate,delivery,backward_backfill,backward_backfill
20260420_202239/d036,7.333,delivery,delivery,prod_post_shot,
20260420_202239/d036,7.667,delivery_candidate,delivery,forward_extension,forward_extension
20260420_202239/d036,8.000,pre_post,delivery,forward_extension,forward_extension
20260420_202239/d036,8.333,replay,replay,,
20260420_202239/d036,8.667,pre_post,pre_post,,
20260420_202239/d036,9.000,pre_post,pre_post,,
20260420_202239/d036,9.333,pre_post,pre_post,,
20260420_202239/d036,9.667,pre_post,pre_post,,
20260420_202239/d036,10.000,pre_post,pre_post,,
20260420_202239/d036,10.333,pre_post,pre_post,,
20260420_202239/d036,10.667,pre_post,pre_post,,
20260420_202239/d036,11.000,pre_post,pre_post,,
20260420_202239/d036,11.333,pre_post,pre_post,,
20260420_202239/d036,11.667,replay,replay,,
20260420_202239/d036,12.000,graphic,graphic,,
20260420_202239/d036,12.333,delivery_candidate,pre_post,,
20260420_202239/d036,12.667,pre_post,pre_post,,
20260420_202239/d036,13.000,pre_post,pre_post,,
20260420_202239/d036,13.333,delivery,delivery,prod_shot,
20260420_202239/d036,13.667,delivery,delivery,prod_shot,
20260420_202239/d036,14.000,pre_post,delivery,forward_extension,forward_extension
20260420_202239/d036,14.333,pre_post,delivery,forward_extension,forward_extension
20260420_202239/d036,14.667,graphic,graphic,,
20260420_202239/d036,15.000,pre_post,pre_post,,
20260420_202239/d036,15.333,graphic,graphic,,
20260420_202239/d036,15.667,pre_post,pre_post,,
20260420_202239/d036,16.000,delivery_candidate,pre_post,,
20260420_202239/d036,16.333,pre_post,pre_post,,
20260420_202239/d036,16.667,delivery_candidate,pre_post,,
20260420_202239/d036,17.000,pre_post,pre_post,,
20260420_202239/d036,17.333,pre_post,pre_post,,
20260420_202239/d036,17.667,pre_post,pre_post,,
20260420_202239/d036,18.000,delivery_candidate,pre_post,,
20260420_202239/d036,18.333,pre_post,pre_post,,
20260420_202239/d036,18.667,pre_post,pre_post,,
20260420_202239/d036,19.000,pre_post,pre_post,,
20260420_202239/d036,19.333,pre_post,pre_post,,
20260420_202239/d036,19.667,pre_post,pre_post,,
20260420_202239/d036,20.000,pre_post,pre_post,,
20260420_202239/d036,20.333,pre_post,pre_post,,
20260420_202239/d036,20.667,pre_post,pre_post,,
20260420_202239/d036,21.000,pre_post,pre_post,,
20260420_202239/d036,21.333,pre_post,pre_post,,
20260420_202239/d036,21.667,pre_post,pre_post,,
20260420_202239/d036,22.000,pre_post,pre_post,,
20260420_202239/d036,22.333,pre_post,pre_post,,
20260420_202239/d036,22.667,delivery_candidate,pre_post,,
20260420_202239/d036,23.000,pre_post,pre_post,,
20260420_202239/d036,23.333,delivery_candidate,pre_post,,
20260420_202239/d036,23.667,pre_post,pre_post,,
20260420_202239/d036,24.000,delivery_candidate,delivery,action_anchor,
20260420_202239/d036,24.333,delivery_candidate,delivery,action_anchor,
20260420_202239/d036,24.667,delivery_candidate,delivery,action_anchor,
20260420_202239/d032,0.000,pre_post,pre_post,,
20260420_202239/d032,0.333,pre_post,pre_post,,
20260420_202239/d032,0.667,pre_post,pre_post,,
20260420_202239/d032,1.000,pre_post,pre_post,,
20260420_202239/d032,1.333,pre_post,pre_post,,
20260420_202239/d032,1.667,pre_post,pre_post,,
20260420_202239/d032,2.000,pre_post,pre_post,,
20260420_202239/d032,2.333,pre_post,pre_post,,
20260420_202239/d032,2.667,pre_post,pre_post,,
20260420_202239/d032,3.000,pre_post,pre_post,,
20260420_202239/d032,3.333,pre_post,pre_post,,
20260420_202239/d032,3.667,pre_post,pre_post,,
20260420_202239/d032,4.000,graphic,graphic,,
20260420_202239/d032,4.333,graphic,graphic,,
20260420_202239/d032,4.667,pre_post,pre_post,,
20260420_202239/d032,5.000,pre_post,pre_post,,
20260420_202239/d032,5.333,graphic,graphic,,
20260420_202239/d032,5.667,graphic,graphic,,
20260420_202239/d032,6.000,graphic,graphic,,
20260420_202239/d032,6.333,graphic,graphic,,
20260420_202239/d032,6.667,graphic,graphic,,
20260420_202239/d032,7.000,graphic,graphic,,
20260420_202239/d032,7.333,graphic,graphic,,
20260420_202239/d032,7.667,graphic,graphic,,
20260420_202239/d032,8.000,graphic,graphic,,
20260420_202239/d032,8.333,graphic,graphic,,
20260420_202239/d032,8.667,graphic,graphic,,
20260420_202239/d032,9.000,graphic,graphic,,
20260420_202239/d032,9.333,graphic,graphic,,
20260420_202239/d032,9.667,graphic,graphic,,
20260420_202239/d032,10.000,graphic,graphic,,
20260420_202239/d032,10.333,pre_post,pre_post,,
20260420_202239/d032,10.667,pre_post,pre_post,,
20260420_202239/d032,11.000,pre_post,pre_post,,
20260420_202239/d032,11.333,pre_post,pre_post,,
20260420_202239/d032,11.667,pre_post,pre_post,,
20260420_202239/d032,12.000,pre_post,pre_post,,
20260420_202239/d032,12.333,pre_post,pre_post,,
20260420_202239/d032,12.667,pre_post,pre_post,,
20260420_202239/d032,13.000,delivery_candidate,pre_post,,
20260420_202239/d032,13.333,pre_post,pre_post,,
20260420_202239/d032,13.667,pre_post,pre_post,,
20260420_202239/d032,14.000,pre_post,pre_post,,
20260420_202239/d032,14.333,pre_post,pre_post,,
20260420_202239/d032,14.667,pre_post,pre_post,,
20260420_202239/d032,15.000,umpire_signal,umpire_signal,,
20260420_202239/d032,15.333,delivery_candidate,delivery,backward_backfill,backward_backfill
20260420_202239/d032,15.667,delivery_candidate,delivery,backward_backfill,backward_backfill
20260420_202239/d032,16.000,delivery,delivery,prod_post_shot,
20260420_202239/d032,16.333,delivery,delivery,prod_shot,
20260420_202239/d032,16.667,delivery,delivery,prod_post_shot,
20260420_202239/d032,17.000,pre_post,delivery,forward_extension,forward_extension
20260420_202239/d032,17.333,pre_post,delivery,forward_extension,forward_extension
20260420_202239/d032,17.667,pre_post,delivery,forward_extension,forward_extension
20260420_202239/d032,18.000,pre_post,pre_post,,
20260420_202239/d032,18.333,pre_post,pre_post,,
20260420_202239/d032,18.667,pre_post,pre_post,,
20260420_202239/d032,19.000,pre_post,pre_post,,
20260420_202239/d032,19.333,delivery,delivery,prod_release,
20260420_202239/d032,19.667,pre_post,delivery,forward_extension,forward_extension
20260420_202239/d032,20.000,delivery_candidate,delivery,forward_extension,forward_extension
20260420_202239/d032,20.333,pre_post,delivery,forward_extension,forward_extension
20260420_202239/d032,20.667,pre_post,delivery,forward_extension,forward_extension
20260420_202239/d032,21.000,delivery_candidate,pre_post,,
20260420_202239/d032,21.333,pre_post,pre_post,,
20260420_202239/d032,21.667,pre_post,pre_post,,
20260420_202239/d032,22.000,pre_post,pre_post,,
20260420_202239/d032,22.333,pre_post,pre_post,,
20260420_202239/d032,22.667,pre_post,pre_post,,
20260420_202239/d032,23.000,pre_post,pre_post,,
20260420_202239/d032,23.333,pre_post,pre_post,,
20260420_202239/d032,23.667,pre_post,pre_post,,
20260420_202239/d032,24.000,pre_post,pre_post,,
20260420_202239/d032,24.333,pre_post,pre_post,,
20260420_202239/d032,24.667,pre_post,pre_post,,
20260420_202239/d032,25.000,pre_post,pre_post,,
20260420_202239/d032,25.333,pre_post,pre_post,,
20260420_202239/d029,0.000,delivery_candidate,pre_post,,
20260420_202239/d029,0.333,pre_post,pre_post,,
20260420_202239/d029,0.667,pre_post,pre_post,,
20260420_202239/d029,1.000,delivery_candidate,pre_post,,
20260420_202239/d029,1.333,pre_post,pre_post,,
20260420_202239/d029,1.667,graphic,graphic,,
20260420_202239/d029,2.000,graphic,graphic,,
20260420_202239/d029,2.333,graphic,graphic,,
20260420_202239/d029,2.667,graphic,graphic,,
20260420_202239/d029,3.000,graphic,graphic,,
20260420_202239/d029,3.333,graphic,graphic,,
20260420_202239/d029,3.667,graphic,graphic,,
20260420_202239/d029,4.000,graphic,graphic,,
20260420_202239/d029,4.333,graphic,graphic,,
20260420_202239/d029,4.667,graphic,graphic,,
20260420_202239/d029,5.000,graphic,graphic,,
20260420_202239/d029,5.333,delivery_candidate,pre_post,,
20260420_202239/d029,5.667,graphic,graphic,,
20260420_202239/d029,6.000,graphic,graphic,,
20260420_202239/d029,6.333,graphic,graphic,,
20260420_202239/d029,6.667,graphic,graphic,,
20260420_202239/d029,7.000,graphic,graphic,,
20260420_202239/d029,7.333,graphic,graphic,,
20260420_202239/d029,7.667,graphic,graphic,,
20260420_202239/d029,8.000,graphic,graphic,,
20260420_202239/d029,8.333,graphic,graphic,,
20260420_202239/d029,8.667,graphic,graphic,,
20260420_202239/d029,9.000,graphic,graphic,,
20260420_202239/d029,9.333,pre_post,pre_post,,
20260420_202239/d029,9.667,pre_post,pre_post,,
20260420_202239/d029,10.000,pre_post,pre_post,,
20260420_202239/d029,10.333,pre_post,pre_post,,
20260420_202239/d029,10.667,pre_post,pre_post,,
20260420_202239/d029,11.000,delivery,delivery,prod_post_shot,
20260420_202239/d029,11.333,delivery,delivery,prod_post_shot,
20260420_202239/d029,11.667,delivery,delivery,prod_shot,
20260420_202239/d029,12.000,pre_post,delivery,forward_extension,forward_extension
20260420_202239/d029,12.333,pre_post,delivery,forward_extension,forward_extension
20260420_202239/d029,12.667,pre_post,pre_post,,
20260420_202239/d029,13.000,pre_post,pre_post,,
20260420_202239/d029,13.333,pre_post,pre_post,,
20260420_202239/d029,13.667,pre_post,pre_post,,
20260420_202239/d029,14.000,pre_post,pre_post,,
20260420_202239/d029,14.333,pre_post,pre_post,,
20260420_202239/d029,14.667,delivery,delivery,prod_release,
20260420_202239/d029,15.000,pre_post,delivery,forward_extension,forward_extension
20260420_202239/d029,15.333,pre_post,delivery,forward_extension,forward_extension
20260420_202239/d029,15.667,pre_post,pre_post,,
20260420_202239/d029,16.000,pre_post,pre_post,,
20260420_202239/d029,16.333,pre_post,pre_post,,
20260420_202239/d029,16.667,pre_post,pre_post,,
20260420_202239/d029,17.000,pre_post,pre_post,,
20260420_202239/d029,17.333,pre_post,pre_post,,
20260420_202239/d029,17.667,pre_post,pre_post,,
20260420_202239/d029,18.000,pre_post,pre_post,,
20260420_202239/d029,18.333,pre_post,pre_post,,
20260420_202239/d029,18.667,pre_post,pre_post,,
20260420_202239/d029,19.000,pre_post,pre_post,,
20260420_202239/d029,19.333,pre_post,pre_post,,
20260420_202239/d029,19.667,pre_post,pre_post,,
20260420_202239/d018,0.000,pre_post,pre_post,,
20260420_202239/d018,0.333,pre_post,pre_post,,
20260420_202239/d018,0.667,pre_post,pre_post,,
20260420_202239/d018,1.000,pre_post,pre_post,,
20260420_202239/d018,1.333,pre_post,pre_post,,
20260420_202239/d018,1.667,pre_post,pre_post,,
20260420_202239/d018,2.000,pre_post,pre_post,,
20260420_202239/d018,2.333,pre_post,pre_post,,
20260420_202239/d018,2.667,delivery_candidate,pre_post,,
20260420_202239/d018,3.000,pre_post,pre_post,,
20260420_202239/d018,3.333,pre_post,pre_post,,
20260420_202239/d018,3.667,pre_post,pre_post,,
20260420_202239/d018,4.000,pre_post,pre_post,,
20260420_202239/d018,4.333,pre_post,pre_post,,
20260420_202239/d018,4.667,pre_post,pre_post,,
20260420_202239/d018,5.000,pre_post,pre_post,,
20260420_202239/d018,5.333,pre_post,pre_post,,
20260420_202239/d018,5.667,pre_post,pre_post,,
20260420_202239/d018,6.000,pre_post,pre_post,,
20260420_202239/d018,6.333,pre_post,pre_post,,
20260420_202239/d018,6.667,pre_post,pre_post,,
20260420_202239/d018,7.000,pre_post,pre_post,,
20260420_202239/d018,7.333,pre_post,pre_post,,
20260420_202239/d018,7.667,pre_post,pre_post,,
20260420_202239/d018,8.000,pre_post,pre_post,,
20260420_202239/d018,8.333,delivery,pre_post,prod_release,
20260420_202239/d018,8.667,pre_post,pre_post,,
20260420_202239/d018,9.000,delivery_candidate,pre_post,,
20260420_202239/d018,9.333,pre_post,pre_post,,
20260420_202239/d018,9.667,pre_post,pre_post,,
20260420_202239/d018,10.000,pre_post,pre_post,,
20260420_202239/d018,10.333,pre_post,pre_post,,
20260420_202239/d018,10.667,pre_post,pre_post,,
20260420_202239/d018,11.000,pre_post,pre_post,,
20260420_202239/d018,11.333,pre_post,pre_post,,
20260420_202239/d018,11.667,delivery,delivery,prod_release,
20260420_202239/d018,12.000,delivery,delivery,prod_shot,
20260420_202239/d018,12.333,delivery,delivery,prod_shot,
20260420_202239/d018,12.667,pre_post,delivery,forward_extension,forward_extension
20260420_202239/d018,13.000,graphic,graphic,,
20260420_202239/d018,13.333,pre_post,pre_post,,
20260420_202239/d018,13.667,graphic,graphic,,
20260420_202239/d018,14.000,graphic,graphic,,
20260420_202239/d018,14.333,delivery_candidate,pre_post,,
20260420_202239/d018,14.667,pre_post,pre_post,,
20260420_202239/d018,15.000,pre_post,pre_post,,
20260420_202239/d018,15.333,pre_post,pre_post,,
20260420_202239/d018,15.667,delivery,delivery,prod_flight,
20260420_202239/d018,16.000,delivery,delivery,prod_post_shot,
20260420_202239/d018,16.333,delivery_candidate,delivery,forward_extension,forward_extension
20260420_202239/d018,16.667,pre_post,delivery,forward_extension,forward_extension
20260420_202239/d018,17.000,delivery_candidate,delivery,forward_extension,forward_extension
20260420_202239/d018,17.333,delivery_candidate,delivery,forward_extension,forward_extension
20260420_202239/d018,17.667,pre_post,delivery,forward_extension,forward_extension
20260420_202239/d018,18.000,pre_post,delivery,forward_extension,forward_extension
20260420_202239/d018,18.333,delivery_candidate,delivery,forward_extension,forward_extension
20260420_202239/d018,18.667,pre_post,delivery,forward_extension,forward_extension
20260420_202239/d018,19.000,delivery_candidate,delivery,forward_extension,forward_extension
20260420_202239/d018,19.333,pre_post,delivery,forward_extension,forward_extension
20260420_202239/d018,19.667,pre_post,delivery,forward_extension,forward_extension
20260420_202239/d018,20.000,graphic,graphic,,
20260420_202239/d018,20.333,pre_post,pre_post,,
20260420_202239/d018,20.667,delivery_candidate,delivery,backward_backfill,backward_backfill
20260420_202239/d018,21.000,delivery,delivery,prod_post_shot,
20260420_202239/d018,21.333,delivery_candidate,delivery,forward_extension,forward_extension
20260420_202239/d018,21.667,pre_post,delivery,forward_extension,forward_extension
20260420_202239/d018,22.000,delivery,delivery,prod_post_shot,
20260420_202239/d018,22.333,pre_post,delivery,forward_extension,forward_extension
20260420_202239/d018,22.667,pre_post,delivery,forward_extension,forward_extension
20260420_202239/d018,23.000,pre_post,pre_post,,
20260420_202239/d018,23.333,pre_post,pre_post,,
20260420_202239/d018,23.667,pre_post,pre_post,,
20260420_202239/d018,24.000,pre_post,pre_post,,
20260420_202239/d018,24.333,pre_post,pre_post,,
20260420_202239/d014,0.000,pre_post,pre_post,,
20260420_202239/d014,0.333,pre_post,pre_post,,
20260420_202239/d014,0.667,umpire_signal,umpire_signal,,
20260420_202239/d014,1.000,pre_post,pre_post,,
20260420_202239/d014,1.333,delivery_candidate,delivery,backward_backfill,backward_backfill
20260420_202239/d014,1.667,umpire_signal,delivery,backward_backfill,backward_backfill
20260420_202239/d014,2.000,delivery_candidate,delivery,action_anchor,
20260420_202239/d014,2.333,delivery_candidate,delivery,action_anchor,
20260420_202239/d014,2.667,delivery_candidate,delivery,action_anchor,
20260420_202239/d014,3.000,delivery,delivery,prod_shot,
20260420_202239/d014,3.333,pre_post,delivery,forward_extension,forward_extension
20260420_202239/d014,3.667,pre_post,delivery,forward_extension,forward_extension
20260420_202239/d014,4.000,delivery_candidate,pre_post,,
20260420_202239/d014,4.333,pre_post,pre_post,,
20260420_202239/d014,4.667,pre_post,pre_post,,
20260420_202239/d014,5.000,pre_post,pre_post,,
20260420_202239/d014,5.333,pre_post,pre_post,,
20260420_202239/d014,5.667,pre_post,pre_post,,
20260420_202239/d014,6.000,pre_post,pre_post,,
20260420_202239/d014,6.333,pre_post,pre_post,,
20260420_202239/d014,6.667,pre_post,pre_post,,
20260420_202239/d014,7.000,pre_post,pre_post,,
20260420_202239/d014,7.333,pre_post,pre_post,,
20260420_202239/d014,7.667,pre_post,pre_post,,
20260420_202239/d014,8.000,pre_post,pre_post,,
20260420_202239/d014,8.333,pre_post,pre_post,,
20260420_202239/d014,8.667,pre_post,pre_post,,
20260420_202239/d014,9.000,pre_post,pre_post,,
20260420_202239/d014,9.333,pre_post,pre_post,,
20260420_202239/d014,9.667,pre_post,pre_post,,
20260420_202239/d014,10.000,pre_post,pre_post,,
20260420_202239/d014,10.333,pre_post,pre_post,,
20260420_202239/d014,10.667,pre_post,pre_post,,
20260420_202239/d014,11.000,pre_post,pre_post,,
20260420_202239/d014,11.333,pre_post,pre_post,,
20260420_202239/d014,11.667,pre_post,pre_post,,
20260421_195050/d051,0.000,delivery,delivery,prod_post_shot,
20260421_195050/d051,0.333,pre_post,delivery,forward_extension,forward_extension
20260421_195050/d051,0.667,pre_post,delivery,forward_extension,forward_extension
20260421_195050/d051,1.000,pre_post,delivery,forward_extension,forward_extension
20260421_195050/d051,1.333,delivery_candidate,delivery,forward_extension,forward_extension
20260421_195050/d051,1.667,delivery,delivery,prod_post_shot,
20260421_195050/d051,2.000,delivery,delivery,prod_post_shot,
20260421_195050/d051,2.333,delivery,delivery,prod_post_shot,
20260421_195050/d051,2.667,delivery,delivery,prod_shot,
20260421_195050/d051,3.000,delivery,delivery,prod_shot,
20260421_195050/d051,3.333,pre_post,delivery,forward_extension,forward_extension
20260421_195050/d051,3.667,delivery_candidate,delivery,forward_extension,forward_extension
20260421_195050/d051,4.000,pre_post,delivery,forward_extension,forward_extension
20260421_195050/d051,4.333,pre_post,delivery,forward_extension,forward_extension
20260421_195050/d051,4.667,pre_post,pre_post,,
20260421_195050/d051,5.000,pre_post,pre_post,,
20260421_195050/d051,5.333,pre_post,pre_post,,
20260421_195050/d051,5.667,pre_post,pre_post,,
20260421_195050/d051,6.000,umpire_signal,umpire_signal,,
20260421_195050/d051,6.333,umpire_signal,umpire_signal,,
20260421_195050/d051,6.667,pre_post,pre_post,,
20260421_195050/d051,7.000,umpire_signal,umpire_signal,,
20260421_195050/d051,7.333,umpire_signal,umpire_signal,,
20260421_195050/d051,7.667,pre_post,pre_post,,
20260421_195050/d051,8.000,pre_post,pre_post,,
20260421_195050/d051,8.333,pre_post,pre_post,,
20260421_195050/d051,8.667,pre_post,pre_post,,
20260421_195050/d051,9.000,pre_post,pre_post,,
20260421_195050/d051,9.333,pre_post,pre_post,,
20260421_195050/d051,9.667,pre_post,pre_post,,
20260421_195050/d051,10.000,pre_post,pre_post,,
20260421_195050/d051,10.333,pre_post,pre_post,,
20260421_195050/d051,10.667,pre_post,pre_post,,
20260421_195050/d051,11.000,pre_post,pre_post,,
20260421_195050/d051,11.333,pre_post,pre_post,,
20260421_195050/d051,11.667,pre_post,pre_post,,
20260421_195050/d051,12.000,pre_post,pre_post,,
20260421_195050/d051,12.333,delivery_candidate,pre_post,,
20260421_195050/d051,12.667,pre_post,pre_post,,
20260421_195050/d051,13.000,pre_post,pre_post,,
20260421_195050/d051,13.333,pre_post,pre_post,,
20260421_195050/d051,13.667,pre_post,pre_post,,
20260421_195050/d051,14.000,pre_post,pre_post,,
20260421_195050/d051,14.333,pre_post,pre_post,,
20260421_195050/d051,14.667,pre_post,pre_post,,
20260421_195050/d051,15.000,pre_post,pre_post,,
20260421_195050/d051,15.333,pre_post,pre_post,,
20260421_195050/d051,15.667,pre_post,pre_post,,
20260421_195050/d051,16.000,pre_post,pre_post,,
20260421_195050/d051,16.333,pre_post,pre_post,,
20260421_195050/d051,16.667,pre_post,pre_post,,
20260421_195050/d051,17.000,pre_post,pre_post,,
20260421_195050/d051,17.333,pre_post,pre_post,,
20260421_195050/d051,17.667,pre_post,pre_post,,
20260421_195050/d051,18.000,graphic,graphic,,
20260421_195050/d051,18.333,pre_post,pre_post,,
20260421_195050/d051,18.667,graphic,graphic,,
20260421_195050/d051,19.000,pre_post,pre_post,,
20260421_195050/d051,19.333,pre_post,pre_post,,
20260421_195050/d051,19.667,pre_post,pre_post,,
20260421_195050/d051,20.000,pre_post,pre_post,,
20260421_195050/d051,20.333,pre_post,pre_post,,
20260421_195050/d051,20.667,pre_post,pre_post,,
20260421_195050/d051,21.000,pre_post,pre_post,,
20260421_195050/d051,21.333,pre_post,pre_post,,
20260421_195050/d051,21.667,pre_post,pre_post,,
20260421_195050/d051,22.000,pre_post,pre_post,,
20260421_195050/d051,22.333,pre_post,pre_post,,
20260421_195050/d051,22.667,pre_post,pre_post,,
