open_strip_mean_max,open_flow_peak_min,close_strip_mean_max,close_flow_peak_min,window_s,min_active_s,min_inactive_s,real_delivery_active_frac,score
5.0,5,5.1,2,10.0,1.5,3.0,0.2883,0.2883
5.0,5,5.1,1,10.0,1.5,3.0,0.2883,0.2883
5.0,5,5.1,1,10.0,1.5,3.0,0.2883,0.2883
5.0,5,5.2,2,10.0,1.5,3.0,0.2883,0.2883
5.0,5,5.2,1,10.0,1.5,3.0,0.2883,0.2883
5.0,5,5.2,1,10.0,1.5,3.0,0.2883,0.2883
5.0,5,5.4,2,10.0,1.5,3.0,0.2883,0.2883
5.0,5,5.4,1,10.0,1.5,3.0,0.2883,0.2883
5.0,5,5.4,1,10.0,1.5,3.0,0.2883,0.2883
5.0,5,5.8,2,10.0,1.5,3.0,0.2883,0.2883
5.0,5,5.8,1,10.0,1.5,3.0,0.2883,0.2883
5.0,5,5.8,1,10.0,1.5,3.0,0.2883,0.2883
4.0,5,4.1,2,10.0,1.5,3.0,0.2799,0.2799
4.0,5,4.1,1,10.0,1.5,3.0,0.2799,0.2799
4.0,5,4.1,1,10.0,1.5,3.0,0.2799,0.2799
4.0,5,4.2,2,10.0,1.5,3.0,0.2799,0.2799
4.0,5,4.2,1,10.0,1.5,3.0,0.2799,0.2799
4.0,5,4.2,1,10.0,1.5,3.0,0.2799,0.2799
4.0,5,4.4,2,10.0,1.5,3.0,0.2799,0.2799
4.0,5,4.4,1,10.0,1.5,3.0,0.2799,0.2799
4.0,5,4.4,1,10.0,1.5,3.0,0.2799,0.2799
4.0,5,4.8,2,10.0,1.5,3.0,0.2799,0.2799
4.0,5,4.8,1,10.0,1.5,3.0,0.2799,0.2799
4.0,5,4.8,1,10.0,1.5,3.0,0.2799,0.2799
3.0,5,3.4,2,10.0,1.5,3.0,0.2736,0.2736
3.0,5,3.4,1,10.0,1.5,3.0,0.2736,0.2736
3.0,5,3.4,1,10.0,1.5,3.0,0.2736,0.2736
3.0,5,3.8,2,10.0,1.5,3.0,0.2736,0.2736
3.0,5,3.8,1,10.0,1.5,3.0,0.2736,0.2736
3.0,5,3.8,1,10.0,1.5,3.0,0.2736,0.2736
3.0,5,3.1,2,10.0,1.5,3.0,0.2733,0.2733
3.0,5,3.1,1,10.0,1.5,3.0,0.2733,0.2733
3.0,5,3.1,1,10.0,1.5,3.0,0.2733,0.2733
3.0,5,3.2,2,10.0,1.5,3.0,0.2733,0.2733
3.0,5,3.2,1,10.0,1.5,3.0,0.2733,0.2733
3.0,5,3.2,1,10.0,1.5,3.0,0.2733,0.2733
2.5,5,3.3,2,10.0,1.5,3.0,0.2621,0.2621
2.5,5,3.3,1,10.0,1.5,3.0,0.2621,0.2621
2.5,5,3.3,1,10.0,1.5,3.0,0.2621,0.2621
2.5,5,2.6,2,10.0,1.5,3.0,0.2606,0.2606
2.5,5,2.6,1,10.0,1.5,3.0,0.2606,0.2606
2.5,5,2.6,1,10.0,1.5,3.0,0.2606,0.2606
2.5,5,2.7,2,10.0,1.5,3.0,0.2606,0.2606
2.5,5,2.7,1,10.0,1.5,3.0,0.2606,0.2606
2.5,5,2.7,1,10.0,1.5,3.0,0.2606,0.2606
2.5,5,2.9,2,10.0,1.5,3.0,0.2606,0.2606
2.5,5,2.9,1,10.0,1.5,3.0,0.2606,0.2606
2.5,5,2.9,1,10.0,1.5,3.0,0.2606,0.2606
2.0,5,2.8,2,10.0,1.5,3.0,0.2447,0.2447
2.0,5,2.8,1,10.0,1.5,3.0,0.2447,0.2447
2.0,5,2.8,1,10.0,1.5,3.0,0.2447,0.2447
2.0,5,2.2,2,10.0,1.5,3.0,0.2443,0.2443
2.0,5,2.2,1,10.0,1.5,3.0,0.2443,0.2443
2.0,5,2.2,1,10.0,1.5,3.0,0.2443,0.2443
2.0,5,2.4,2,10.0,1.5,3.0,0.2443,0.2443
2.0,5,2.4,1,10.0,1.5,3.0,0.2443,0.2443
2.0,5,2.4,1,10.0,1.5,3.0,0.2443,0.2443
2.0,5,2.1,2,10.0,1.5,3.0,0.244,0.244
2.0,5,2.1,1,10.0,1.5,3.0,0.244,0.244
2.0,5,2.1,1,10.0,1.5,3.0,0.244,0.244
1.5,5,1.9,2,10.0,1.5,3.0,0.2134,0.2134
1.5,5,1.9,1,10.0,1.5,3.0,0.2134,0.2134
1.5,5,1.9,1,10.0,1.5,3.0,0.2134,0.2134
1.5,5,2.3,2,10.0,1.5,3.0,0.2134,0.2134
1.5,5,2.3,1,10.0,1.5,3.0,0.2134,0.2134
1.5,5,2.3,1,10.0,1.5,3.0,0.2134,0.2134
1.5,5,1.7,2,10.0,1.5,3.0,0.213,0.213
1.5,5,1.7,1,10.0,1.5,3.0,0.213,0.213
1.5,5,1.7,1,10.0,1.5,3.0,0.213,0.213
1.5,5,1.6,2,10.0,1.5,3.0,0.2112,0.2112
1.5,5,1.6,1,10.0,1.5,3.0,0.2112,0.2112
1.5,5,1.6,1,10.0,1.5,3.0,0.2112,0.2112
1.0,5,1.1,2,10.0,1.5,3.0,0.1242,0.1242
1.0,5,1.1,1,10.0,1.5,3.0,0.1242,0.1242
1.0,5,1.1,1,10.0,1.5,3.0,0.1242,0.1242
1.0,5,1.2,2,10.0,1.5,3.0,0.1242,0.1242
1.0,5,1.2,1,10.0,1.5,3.0,0.1242,0.1242
1.0,5,1.2,1,10.0,1.5,3.0,0.1242,0.1242
1.0,5,1.4,2,10.0,1.5,3.0,0.1242,0.1242
1.0,5,1.4,1,10.0,1.5,3.0,0.1242,0.1242
1.0,5,1.4,1,10.0,1.5,3.0,0.1242,0.1242
1.0,5,1.8,2,10.0,1.5,3.0,0.1242,0.1242
1.0,5,1.8,1,10.0,1.5,3.0,0.1242,0.1242
1.0,5,1.8,1,10.0,1.5,3.0,0.1242,0.1242
0.8,5,0.9,2,10.0,1.5,3.0,0.1089,0.1089
0.8,5,0.9,1,10.0,1.5,3.0,0.1089,0.1089
0.8,5,0.9,1,10.0,1.5,3.0,0.1089,0.1089
0.8,5,1.0,2,10.0,1.5,3.0,0.1089,0.1089
0.8,5,1.0,1,10.0,1.5,3.0,0.1089,0.1089
0.8,5,1.0,1,10.0,1.5,3.0,0.1089,0.1089
0.8,5,1.2,2,10.0,1.5,3.0,0.1089,0.1089
0.8,5,1.2,1,10.0,1.5,3.0,0.1089,0.1089
0.8,5,1.2,1,10.0,1.5,3.0,0.1089,0.1089
0.8,5,1.6,2,10.0,1.5,3.0,0.1089,0.1089
0.8,5,1.6,1,10.0,1.5,3.0,0.1089,0.1089
0.8,5,1.6,1,10.0,1.5,3.0,0.1089,0.1089
0.6,5,0.7,2,10.0,1.5,3.0,0.0631,0.0631
0.6,5,0.7,1,10.0,1.5,3.0,0.0631,0.0631
0.6,5,0.7,1,10.0,1.5,3.0,0.0631,0.0631
0.6,5,0.8,2,10.0,1.5,3.0,0.0631,0.0631
0.6,5,0.8,1,10.0,1.5,3.0,0.0631,0.0631
0.6,5,0.8,1,10.0,1.5,3.0,0.0631,0.0631
0.6,5,1.0,2,10.0,1.5,3.0,0.0631,0.0631
0.6,5,1.0,1,10.0,1.5,3.0,0.0631,0.0631
0.6,5,1.0,1,10.0,1.5,3.0,0.0631,0.0631
0.6,5,1.4,2,10.0,1.5,3.0,0.0631,0.0631
0.6,5,1.4,1,10.0,1.5,3.0,0.0631,0.0631
0.6,5,1.4,1,10.0,1.5,3.0,0.0631,0.0631
5.0,10,5.1,7,10.0,1.5,3.0,0.035,0.035
5.0,10,5.1,5,10.0,1.5,3.0,0.035,0.035
5.0,10,5.1,1,10.0,1.5,3.0,0.035,0.035
5.0,10,5.2,7,10.0,1.5,3.0,0.035,0.035
5.0,10,5.2,5,10.0,1.5,3.0,0.035,0.035
5.0,10,5.2,1,10.0,1.5,3.0,0.035,0.035
5.0,10,5.4,7,10.0,1.5,3.0,0.035,0.035
5.0,10,5.4,5,10.0,1.5,3.0,0.035,0.035
5.0,10,5.4,1,10.0,1.5,3.0,0.035,0.035
5.0,10,5.8,7,10.0,1.5,3.0,0.035,0.035
5.0,10,5.8,5,10.0,1.5,3.0,0.035,0.035
5.0,10,5.8,1,10.0,1.5,3.0,0.035,0.035
4.0,10,4.1,7,10.0,1.5,3.0,0.0321,0.0321
4.0,10,4.1,5,10.0,1.5,3.0,0.0321,0.0321
4.0,10,4.1,1,10.0,1.5,3.0,0.0321,0.0321
4.0,10,4.2,7,10.0,1.5,3.0,0.0321,0.0321
4.0,10,4.2,5,10.0,1.5,3.0,0.0321,0.0321
4.0,10,4.2,1,10.0,1.5,3.0,0.0321,0.0321
4.0,10,4.4,7,10.0,1.5,3.0,0.0321,0.0321
4.0,10,4.4,5,10.0,1.5,3.0,0.0321,0.0321
4.0,10,4.4,1,10.0,1.5,3.0,0.0321,0.0321
4.0,10,4.8,7,10.0,1.5,3.0,0.0321,0.0321
4.0,10,4.8,5,10.0,1.5,3.0,0.0321,0.0321
4.0,10,4.8,1,10.0,1.5,3.0,0.0321,0.0321
3.0,10,3.1,7,10.0,1.5,3.0,0.0295,0.0295
3.0,10,3.1,5,10.0,1.5,3.0,0.0295,0.0295
3.0,10,3.1,1,10.0,1.5,3.0,0.0295,0.0295
3.0,10,3.2,7,10.0,1.5,3.0,0.0295,0.0295
3.0,10,3.2,5,10.0,1.5,3.0,0.0295,0.0295
3.0,10,3.2,1,10.0,1.5,3.0,0.0295,0.0295
3.0,10,3.4,7,10.0,1.5,3.0,0.0295,0.0295
3.0,10,3.4,5,10.0,1.5,3.0,0.0295,0.0295
3.0,10,3.4,1,10.0,1.5,3.0,0.0295,0.0295
3.0,10,3.8,7,10.0,1.5,3.0,0.0295,0.0295
3.0,10,3.8,5,10.0,1.5,3.0,0.0295,0.0295
3.0,10,3.8,1,10.0,1.5,3.0,0.0295,0.0295
2.5,10,2.6,7,10.0,1.5,3.0,0.0292,0.0292
2.5,10,2.6,5,10.0,1.5,3.0,0.0292,0.0292
2.5,10,2.6,1,10.0,1.5,3.0,0.0292,0.0292
2.5,10,2.7,7,10.0,1.5,3.0,0.0292,0.0292
2.5,10,2.7,5,10.0,1.5,3.0,0.0292,0.0292
2.5,10,2.7,1,10.0,1.5,3.0,0.0292,0.0292
2.5,10,2.9,7,10.0,1.5,3.0,0.0292,0.0292
2.5,10,2.9,5,10.0,1.5,3.0,0.0292,0.0292
2.5,10,2.9,1,10.0,1.5,3.0,0.0292,0.0292
2.5,10,3.3,7,10.0,1.5,3.0,0.0292,0.0292
2.5,10,3.3,5,10.0,1.5,3.0,0.0292,0.0292
2.5,10,3.3,1,10.0,1.5,3.0,0.0292,0.0292
2.0,10,2.1,7,10.0,1.5,3.0,0.0288,0.0288
2.0,10,2.1,5,10.0,1.5,3.0,0.0288,0.0288
2.0,10,2.1,1,10.0,1.5,3.0,0.0288,0.0288
2.0,10,2.2,7,10.0,1.5,3.0,0.0288,0.0288
2.0,10,2.2,5,10.0,1.5,3.0,0.0288,0.0288
2.0,10,2.2,1,10.0,1.5,3.0,0.0288,0.0288
2.0,10,2.4,7,10.0,1.5,3.0,0.0288,0.0288
2.0,10,2.4,5,10.0,1.5,3.0,0.0288,0.0288
2.0,10,2.4,1,10.0,1.5,3.0,0.0288,0.0288
2.0,10,2.8,7,10.0,1.5,3.0,0.0288,0.0288
2.0,10,2.8,5,10.0,1.5,3.0,0.0288,0.0288
2.0,10,2.8,1,10.0,1.5,3.0,0.0288,0.0288
1.5,10,1.6,7,10.0,1.5,3.0,0.0252,0.0252
1.5,10,1.6,5,10.0,1.5,3.0,0.0252,0.0252
1.5,10,1.6,1,10.0,1.5,3.0,0.0252,0.0252
1.5,10,1.7,7,10.0,1.5,3.0,0.0252,0.0252
1.5,10,1.7,5,10.0,1.5,3.0,0.0252,0.0252
1.5,10,1.7,1,10.0,1.5,3.0,0.0252,0.0252
1.5,10,1.9,7,10.0,1.5,3.0,0.0252,0.0252
1.5,10,1.9,5,10.0,1.5,3.0,0.0252,0.0252
1.5,10,1.9,1,10.0,1.5,3.0,0.0252,0.0252
1.5,10,2.3,7,10.0,1.5,3.0,0.0252,0.0252
1.5,10,2.3,5,10.0,1.5,3.0,0.0252,0.0252
1.5,10,2.3,1,10.0,1.5,3.0,0.0252,0.0252
1.0,10,1.1,7,10.0,1.5,3.0,0.0233,0.0233
1.0,10,1.1,5,10.0,1.5,3.0,0.0233,0.0233
1.0,10,1.1,1,10.0,1.5,3.0,0.0233,0.0233
1.0,10,1.2,7,10.0,1.5,3.0,0.0233,0.0233
1.0,10,1.2,5,10.0,1.5,3.0,0.0233,0.0233
1.0,10,1.2,1,10.0,1.5,3.0,0.0233,0.0233
1.0,10,1.4,7,10.0,1.5,3.0,0.0233,0.0233
1.0,10,1.4,5,10.0,1.5,3.0,0.0233,0.0233
1.0,10,1.4,1,10.0,1.5,3.0,0.0233,0.0233
1.0,10,1.8,7,10.0,1.5,3.0,0.0233,0.0233
1.0,10,1.8,5,10.0,1.5,3.0,0.0233,0.0233
1.0,10,1.8,1,10.0,1.5,3.0,0.0233,0.0233
0.8,10,0.9,7,10.0,1.5,3.0,0.0195,0.0195
0.8,10,0.9,5,10.0,1.5,3.0,0.0195,0.0195
0.8,10,0.9,1,10.0,1.5,3.0,0.0195,0.0195
0.8,10,1.0,7,10.0,1.5,3.0,0.0195,0.0195
0.8,10,1.0,5,10.0,1.5,3.0,0.0195,0.0195
0.8,10,1.0,1,10.0,1.5,3.0,0.0195,0.0195
0.8,10,1.2,7,10.0,1.5,3.0,0.0195,0.0195
0.8,10,1.2,5,10.0,1.5,3.0,0.0195,0.0195
0.8,10,1.2,1,10.0,1.5,3.0,0.0195,0.0195
0.8,10,1.6,7,10.0,1.5,3.0,0.0195,0.0195
0.8,10,1.6,5,10.0,1.5,3.0,0.0195,0.0195
0.8,10,1.6,1,10.0,1.5,3.0,0.0195,0.0195
0.6,10,0.7,7,10.0,1.5,3.0,0.0106,0.0106
0.6,10,0.7,5,10.0,1.5,3.0,0.0106,0.0106
0.6,10,0.7,1,10.0,1.5,3.0,0.0106,0.0106
0.6,10,0.8,7,10.0,1.5,3.0,0.0106,0.0106
0.6,10,0.8,5,10.0,1.5,3.0,0.0106,0.0106
0.6,10,0.8,1,10.0,1.5,3.0,0.0106,0.0106
0.6,10,1.0,7,10.0,1.5,3.0,0.0106,0.0106
0.6,10,1.0,5,10.0,1.5,3.0,0.0106,0.0106
0.6,10,1.0,1,10.0,1.5,3.0,0.0106,0.0106
0.6,10,1.4,7,10.0,1.5,3.0,0.0106,0.0106
0.6,10,1.4,5,10.0,1.5,3.0,0.0106,0.0106
0.6,10,1.4,1,10.0,1.5,3.0,0.0106,0.0106
0.4,5,0.5,2,10.0,1.5,3.0,0.0085,0.0085
0.4,5,0.5,1,10.0,1.5,3.0,0.0085,0.0085
0.4,5,0.5,1,10.0,1.5,3.0,0.0085,0.0085
0.4,5,0.6,2,10.0,1.5,3.0,0.0085,0.0085
0.4,5,0.6,1,10.0,1.5,3.0,0.0085,0.0085
0.4,5,0.6,1,10.0,1.5,3.0,0.0085,0.0085
0.4,5,0.8,2,10.0,1.5,3.0,0.0085,0.0085
0.4,5,0.8,1,10.0,1.5,3.0,0.0085,0.0085
0.4,5,0.8,1,10.0,1.5,3.0,0.0085,0.0085
0.4,5,1.2,2,10.0,1.5,3.0,0.0085,0.0085
0.4,5,1.2,1,10.0,1.5,3.0,0.0085,0.0085
0.4,5,1.2,1,10.0,1.5,3.0,0.0085,0.0085
4.0,15,4.1,12,10.0,1.5,3.0,0.0007,0.0007
4.0,15,4.1,10,10.0,1.5,3.0,0.0007,0.0007
4.0,15,4.1,5,10.0,1.5,3.0,0.0007,0.0007
4.0,15,4.2,12,10.0,1.5,3.0,0.0007,0.0007
4.0,15,4.2,10,10.0,1.5,3.0,0.0007,0.0007
4.0,15,4.2,5,10.0,1.5,3.0,0.0007,0.0007
4.0,15,4.4,12,10.0,1.5,3.0,0.0007,0.0007
4.0,15,4.4,10,10.0,1.5,3.0,0.0007,0.0007
4.0,15,4.4,5,10.0,1.5,3.0,0.0007,0.0007
4.0,15,4.8,12,10.0,1.5,3.0,0.0007,0.0007
4.0,15,4.8,10,10.0,1.5,3.0,0.0007,0.0007
4.0,15,4.8,5,10.0,1.5,3.0,0.0007,0.0007
5.0,15,5.1,12,10.0,1.5,3.0,0.0007,0.0007
5.0,15,5.1,10,10.0,1.5,3.0,0.0007,0.0007
5.0,15,5.1,5,10.0,1.5,3.0,0.0007,0.0007
5.0,15,5.2,12,10.0,1.5,3.0,0.0007,0.0007
5.0,15,5.2,10,10.0,1.5,3.0,0.0007,0.0007
5.0,15,5.2,5,10.0,1.5,3.0,0.0007,0.0007
5.0,15,5.4,12,10.0,1.5,3.0,0.0007,0.0007
5.0,15,5.4,10,10.0,1.5,3.0,0.0007,0.0007
5.0,15,5.4,5,10.0,1.5,3.0,0.0007,0.0007
5.0,15,5.8,12,10.0,1.5,3.0,0.0007,0.0007
5.0,15,5.8,10,10.0,1.5,3.0,0.0007,0.0007
5.0,15,5.8,5,10.0,1.5,3.0,0.0007,0.0007
0.4,25,0.5,22,10.0,1.5,3.0,0.0,0.0
0.4,25,0.5,20,10.0,1.5,3.0,0.0,0.0
0.4,25,0.5,15,10.0,1.5,3.0,0.0,0.0
0.4,25,0.6,22,10.0,1.5,3.0,0.0,0.0
0.4,25,0.6,20,10.0,1.5,3.0,0.0,0.0
0.4,25,0.6,15,10.0,1.5,3.0,0.0,0.0
0.4,25,0.8,22,10.0,1.5,3.0,0.0,0.0
0.4,25,0.8,20,10.0,1.5,3.0,0.0,0.0
0.4,25,0.8,15,10.0,1.5,3.0,0.0,0.0
0.4,25,1.2,22,10.0,1.5,3.0,0.0,0.0
0.4,25,1.2,20,10.0,1.5,3.0,0.0,0.0
0.4,25,1.2,15,10.0,1.5,3.0,0.0,0.0
0.4,20,0.5,17,10.0,1.5,3.0,0.0,0.0
0.4,20,0.5,15,10.0,1.5,3.0,0.0,0.0
0.4,20,0.5,10,10.0,1.5,3.0,0.0,0.0
0.4,20,0.6,17,10.0,1.5,3.0,0.0,0.0
0.4,20,0.6,15,10.0,1.5,3.0,0.0,0.0
0.4,20,0.6,10,10.0,1.5,3.0,0.0,0.0
0.4,20,0.8,17,10.0,1.5,3.0,0.0,0.0
0.4,20,0.8,15,10.0,1.5,3.0,0.0,0.0
0.4,20,0.8,10,10.0,1.5,3.0,0.0,0.0
0.4,20,1.2,17,10.0,1.5,3.0,0.0,0.0
0.4,20,1.2,15,10.0,1.5,3.0,0.0,0.0
0.4,20,1.2,10,10.0,1.5,3.0,0.0,0.0
0.4,15,0.5,12,10.0,1.5,3.0,0.0,0.0
0.4,15,0.5,10,10.0,1.5,3.0,0.0,0.0
0.4,15,0.5,5,10.0,1.5,3.0,0.0,0.0
0.4,15,0.6,12,10.0,1.5,3.0,0.0,0.0
0.4,15,0.6,10,10.0,1.5,3.0,0.0,0.0
0.4,15,0.6,5,10.0,1.5,3.0,0.0,0.0
0.4,15,0.8,12,10.0,1.5,3.0,0.0,0.0
0.4,15,0.8,10,10.0,1.5,3.0,0.0,0.0
0.4,15,0.8,5,10.0,1.5,3.0,0.0,0.0
0.4,15,1.2,12,10.0,1.5,3.0,0.0,0.0
0.4,15,1.2,10,10.0,1.5,3.0,0.0,0.0
0.4,15,1.2,5,10.0,1.5,3.0,0.0,0.0
0.4,10,0.5,7,10.0,1.5,3.0,0.0,0.0
0.4,10,0.5,5,10.0,1.5,3.0,0.0,0.0
0.4,10,0.5,1,10.0,1.5,3.0,0.0,0.0
0.4,10,0.6,7,10.0,1.5,3.0,0.0,0.0
0.4,10,0.6,5,10.0,1.5,3.0,0.0,0.0
0.4,10,0.6,1,10.0,1.5,3.0,0.0,0.0
0.4,10,0.8,7,10.0,1.5,3.0,0.0,0.0
0.4,10,0.8,5,10.0,1.5,3.0,0.0,0.0
0.4,10,0.8,1,10.0,1.5,3.0,0.0,0.0
0.4,10,1.2,7,10.0,1.5,3.0,0.0,0.0
0.4,10,1.2,5,10.0,1.5,3.0,0.0,0.0
0.4,10,1.2,1,10.0,1.5,3.0,0.0,0.0
0.6,25,0.7,22,10.0,1.5,3.0,0.0,0.0
0.6,25,0.7,20,10.0,1.5,3.0,0.0,0.0
0.6,25,0.7,15,10.0,1.5,3.0,0.0,0.0
0.6,25,0.8,22,10.0,1.5,3.0,0.0,0.0
0.6,25,0.8,20,10.0,1.5,3.0,0.0,0.0
0.6,25,0.8,15,10.0,1.5,3.0,0.0,0.0
0.6,25,1.0,22,10.0,1.5,3.0,0.0,0.0
0.6,25,1.0,20,10.0,1.5,3.0,0.0,0.0
0.6,25,1.0,15,10.0,1.5,3.0,0.0,0.0
0.6,25,1.4,22,10.0,1.5,3.0,0.0,0.0
0.6,25,1.4,20,10.0,1.5,3.0,0.0,0.0
0.6,25,1.4,15,10.0,1.5,3.0,0.0,0.0
0.6,20,0.7,17,10.0,1.5,3.0,0.0,0.0
0.6,20,0.7,15,10.0,1.5,3.0,0.0,0.0
0.6,20,0.7,10,10.0,1.5,3.0,0.0,0.0
0.6,20,0.8,17,10.0,1.5,3.0,0.0,0.0
0.6,20,0.8,15,10.0,1.5,3.0,0.0,0.0
0.6,20,0.8,10,10.0,1.5,3.0,0.0,0.0
0.6,20,1.0,17,10.0,1.5,3.0,0.0,0.0
0.6,20,1.0,15,10.0,1.5,3.0,0.0,0.0
0.6,20,1.0,10,10.0,1.5,3.0,0.0,0.0
0.6,20,1.4,17,10.0,1.5,3.0,0.0,0.0
0.6,20,1.4,15,10.0,1.5,3.0,0.0,0.0
0.6,20,1.4,10,10.0,1.5,3.0,0.0,0.0
0.6,15,0.7,12,10.0,1.5,3.0,0.0,0.0
0.6,15,0.7,10,10.0,1.5,3.0,0.0,0.0
0.6,15,0.7,5,10.0,1.5,3.0,0.0,0.0
0.6,15,0.8,12,10.0,1.5,3.0,0.0,0.0
0.6,15,0.8,10,10.0,1.5,3.0,0.0,0.0
0.6,15,0.8,5,10.0,1.5,3.0,0.0,0.0
0.6,15,1.0,12,10.0,1.5,3.0,0.0,0.0
0.6,15,1.0,10,10.0,1.5,3.0,0.0,0.0
0.6,15,1.0,5,10.0,1.5,3.0,0.0,0.0
0.6,15,1.4,12,10.0,1.5,3.0,0.0,0.0
0.6,15,1.4,10,10.0,1.5,3.0,0.0,0.0
0.6,15,1.4,5,10.0,1.5,3.0,0.0,0.0
0.8,25,0.9,22,10.0,1.5,3.0,0.0,0.0
0.8,25,0.9,20,10.0,1.5,3.0,0.0,0.0
0.8,25,0.9,15,10.0,1.5,3.0,0.0,0.0
0.8,25,1.0,22,10.0,1.5,3.0,0.0,0.0
0.8,25,1.0,20,10.0,1.5,3.0,0.0,0.0
0.8,25,1.0,15,10.0,1.5,3.0,0.0,0.0
0.8,25,1.2,22,10.0,1.5,3.0,0.0,0.0
0.8,25,1.2,20,10.0,1.5,3.0,0.0,0.0
0.8,25,1.2,15,10.0,1.5,3.0,0.0,0.0
0.8,25,1.6,22,10.0,1.5,3.0,0.0,0.0
0.8,25,1.6,20,10.0,1.5,3.0,0.0,0.0
0.8,25,1.6,15,10.0,1.5,3.0,0.0,0.0
0.8,20,0.9,17,10.0,1.5,3.0,0.0,0.0
0.8,20,0.9,15,10.0,1.5,3.0,0.0,0.0
0.8,20,0.9,10,10.0,1.5,3.0,0.0,0.0
0.8,20,1.0,17,10.0,1.5,3.0,0.0,0.0
0.8,20,1.0,15,10.0,1.5,3.0,0.0,0.0
0.8,20,1.0,10,10.0,1.5,3.0,0.0,0.0
0.8,20,1.2,17,10.0,1.5,3.0,0.0,0.0
0.8,20,1.2,15,10.0,1.5,3.0,0.0,0.0
0.8,20,1.2,10,10.0,1.5,3.0,0.0,0.0
0.8,20,1.6,17,10.0,1.5,3.0,0.0,0.0
0.8,20,1.6,15,10.0,1.5,3.0,0.0,0.0
0.8,20,1.6,10,10.0,1.5,3.0,0.0,0.0
0.8,15,0.9,12,10.0,1.5,3.0,0.0,0.0
0.8,15,0.9,10,10.0,1.5,3.0,0.0,0.0
0.8,15,0.9,5,10.0,1.5,3.0,0.0,0.0
0.8,15,1.0,12,10.0,1.5,3.0,0.0,0.0
0.8,15,1.0,10,10.0,1.5,3.0,0.0,0.0
0.8,15,1.0,5,10.0,1.5,3.0,0.0,0.0
0.8,15,1.2,12,10.0,1.5,3.0,0.0,0.0
0.8,15,1.2,10,10.0,1.5,3.0,0.0,0.0
0.8,15,1.2,5,10.0,1.5,3.0,0.0,0.0
0.8,15,1.6,12,10.0,1.5,3.0,0.0,0.0
0.8,15,1.6,10,10.0,1.5,3.0,0.0,0.0
0.8,15,1.6,5,10.0,1.5,3.0,0.0,0.0
1.0,25,1.1,22,10.0,1.5,3.0,0.0,0.0
1.0,25,1.1,20,10.0,1.5,3.0,0.0,0.0
1.0,25,1.1,15,10.0,1.5,3.0,0.0,0.0
1.0,25,1.2,22,10.0,1.5,3.0,0.0,0.0
1.0,25,1.2,20,10.0,1.5,3.0,0.0,0.0
1.0,25,1.2,15,10.0,1.5,3.0,0.0,0.0
1.0,25,1.4,22,10.0,1.5,3.0,0.0,0.0
1.0,25,1.4,20,10.0,1.5,3.0,0.0,0.0
1.0,25,1.4,15,10.0,1.5,3.0,0.0,0.0
1.0,25,1.8,22,10.0,1.5,3.0,0.0,0.0
1.0,25,1.8,20,10.0,1.5,3.0,0.0,0.0
1.0,25,1.8,15,10.0,1.5,3.0,0.0,0.0
1.0,20,1.1,17,10.0,1.5,3.0,0.0,0.0
1.0,20,1.1,15,10.0,1.5,3.0,0.0,0.0
1.0,20,1.1,10,10.0,1.5,3.0,0.0,0.0
1.0,20,1.2,17,10.0,1.5,3.0,0.0,0.0
1.0,20,1.2,15,10.0,1.5,3.0,0.0,0.0
1.0,20,1.2,10,10.0,1.5,3.0,0.0,0.0
1.0,20,1.4,17,10.0,1.5,3.0,0.0,0.0
1.0,20,1.4,15,10.0,1.5,3.0,0.0,0.0
1.0,20,1.4,10,10.0,1.5,3.0,0.0,0.0
1.0,20,1.8,17,10.0,1.5,3.0,0.0,0.0
1.0,20,1.8,15,10.0,1.5,3.0,0.0,0.0
1.0,20,1.8,10,10.0,1.5,3.0,0.0,0.0
1.0,15,1.1,12,10.0,1.5,3.0,0.0,0.0
1.0,15,1.1,10,10.0,1.5,3.0,0.0,0.0
1.0,15,1.1,5,10.0,1.5,3.0,0.0,0.0
1.0,15,1.2,12,10.0,1.5,3.0,0.0,0.0
1.0,15,1.2,10,10.0,1.5,3.0,0.0,0.0
1.0,15,1.2,5,10.0,1.5,3.0,0.0,0.0
1.0,15,1.4,12,10.0,1.5,3.0,0.0,0.0
1.0,15,1.4,10,10.0,1.5,3.0,0.0,0.0
1.0,15,1.4,5,10.0,1.5,3.0,0.0,0.0
1.0,15,1.8,12,10.0,1.5,3.0,0.0,0.0
1.0,15,1.8,10,10.0,1.5,3.0,0.0,0.0
1.0,15,1.8,5,10.0,1.5,3.0,0.0,0.0
1.5,25,1.6,22,10.0,1.5,3.0,0.0,0.0
1.5,25,1.6,20,10.0,1.5,3.0,0.0,0.0
1.5,25,1.6,15,10.0,1.5,3.0,0.0,0.0
1.5,25,1.7,22,10.0,1.5,3.0,0.0,0.0
1.5,25,1.7,20,10.0,1.5,3.0,0.0,0.0
1.5,25,1.7,15,10.0,1.5,3.0,0.0,0.0
1.5,25,1.9,22,10.0,1.5,3.0,0.0,0.0
1.5,25,1.9,20,10.0,1.5,3.0,0.0,0.0
1.5,25,1.9,15,10.0,1.5,3.0,0.0,0.0
1.5,25,2.3,22,10.0,1.5,3.0,0.0,0.0
1.5,25,2.3,20,10.0,1.5,3.0,0.0,0.0
1.5,25,2.3,15,10.0,1.5,3.0,0.0,0.0
1.5,20,1.6,17,10.0,1.5,3.0,0.0,0.0
1.5,20,1.6,15,10.0,1.5,3.0,0.0,0.0
1.5,20,1.6,10,10.0,1.5,3.0,0.0,0.0
1.5,20,1.7,17,10.0,1.5,3.0,0.0,0.0
1.5,20,1.7,15,10.0,1.5,3.0,0.0,0.0
1.5,20,1.7,10,10.0,1.5,3.0,0.0,0.0
1.5,20,1.9,17,10.0,1.5,3.0,0.0,0.0
1.5,20,1.9,15,10.0,1.5,3.0,0.0,0.0
1.5,20,1.9,10,10.0,1.5,3.0,0.0,0.0
1.5,20,2.3,17,10.0,1.5,3.0,0.0,0.0
1.5,20,2.3,15,10.0,1.5,3.0,0.0,0.0
1.5,20,2.3,10,10.0,1.5,3.0,0.0,0.0
1.5,15,1.6,12,10.0,1.5,3.0,0.0,0.0
1.5,15,1.6,10,10.0,1.5,3.0,0.0,0.0
1.5,15,1.6,5,10.0,1.5,3.0,0.0,0.0
1.5,15,1.7,12,10.0,1.5,3.0,0.0,0.0
1.5,15,1.7,10,10.0,1.5,3.0,0.0,0.0
1.5,15,1.7,5,10.0,1.5,3.0,0.0,0.0
1.5,15,1.9,12,10.0,1.5,3.0,0.0,0.0
1.5,15,1.9,10,10.0,1.5,3.0,0.0,0.0
1.5,15,1.9,5,10.0,1.5,3.0,0.0,0.0
1.5,15,2.3,12,10.0,1.5,3.0,0.0,0.0
1.5,15,2.3,10,10.0,1.5,3.0,0.0,0.0
1.5,15,2.3,5,10.0,1.5,3.0,0.0,0.0
2.0,25,2.1,22,10.0,1.5,3.0,0.0,0.0
2.0,25,2.1,20,10.0,1.5,3.0,0.0,0.0
2.0,25,2.1,15,10.0,1.5,3.0,0.0,0.0
2.0,25,2.2,22,10.0,1.5,3.0,0.0,0.0
2.0,25,2.2,20,10.0,1.5,3.0,0.0,0.0
2.0,25,2.2,15,10.0,1.5,3.0,0.0,0.0
2.0,25,2.4,22,10.0,1.5,3.0,0.0,0.0
2.0,25,2.4,20,10.0,1.5,3.0,0.0,0.0
2.0,25,2.4,15,10.0,1.5,3.0,0.0,0.0
2.0,25,2.8,22,10.0,1.5,3.0,0.0,0.0
2.0,25,2.8,20,10.0,1.5,3.0,0.0,0.0
2.0,25,2.8,15,10.0,1.5,3.0,0.0,0.0
2.0,20,2.1,17,10.0,1.5,3.0,0.0,0.0
2.0,20,2.1,15,10.0,1.5,3.0,0.0,0.0
2.0,20,2.1,10,10.0,1.5,3.0,0.0,0.0
2.0,20,2.2,17,10.0,1.5,3.0,0.0,0.0
2.0,20,2.2,15,10.0,1.5,3.0,0.0,0.0
2.0,20,2.2,10,10.0,1.5,3.0,0.0,0.0
2.0,20,2.4,17,10.0,1.5,3.0,0.0,0.0
2.0,20,2.4,15,10.0,1.5,3.0,0.0,0.0
2.0,20,2.4,10,10.0,1.5,3.0,0.0,0.0
2.0,20,2.8,17,10.0,1.5,3.0,0.0,0.0
2.0,20,2.8,15,10.0,1.5,3.0,0.0,0.0
2.0,20,2.8,10,10.0,1.5,3.0,0.0,0.0
2.0,15,2.1,12,10.0,1.5,3.0,0.0,0.0
2.0,15,2.1,10,10.0,1.5,3.0,0.0,0.0
2.0,15,2.1,5,10.0,1.5,3.0,0.0,0.0
2.0,15,2.2,12,10.0,1.5,3.0,0.0,0.0
2.0,15,2.2,10,10.0,1.5,3.0,0.0,0.0
2.0,15,2.2,5,10.0,1.5,3.0,0.0,0.0
2.0,15,2.4,12,10.0,1.5,3.0,0.0,0.0
2.0,15,2.4,10,10.0,1.5,3.0,0.0,0.0
2.0,15,2.4,5,10.0,1.5,3.0,0.0,0.0
2.0,15,2.8,12,10.0,1.5,3.0,0.0,0.0
2.0,15,2.8,10,10.0,1.5,3.0,0.0,0.0
2.0,15,2.8,5,10.0,1.5,3.0,0.0,0.0
2.5,25,2.6,22,10.0,1.5,3.0,0.0,0.0
2.5,25,2.6,20,10.0,1.5,3.0,0.0,0.0
2.5,25,2.6,15,10.0,1.5,3.0,0.0,0.0
2.5,25,2.7,22,10.0,1.5,3.0,0.0,0.0
2.5,25,2.7,20,10.0,1.5,3.0,0.0,0.0
2.5,25,2.7,15,10.0,1.5,3.0,0.0,0.0
2.5,25,2.9,22,10.0,1.5,3.0,0.0,0.0
2.5,25,2.9,20,10.0,1.5,3.0,0.0,0.0
2.5,25,2.9,15,10.0,1.5,3.0,0.0,0.0
2.5,25,3.3,22,10.0,1.5,3.0,0.0,0.0
2.5,25,3.3,20,10.0,1.5,3.0,0.0,0.0
2.5,25,3.3,15,10.0,1.5,3.0,0.0,0.0
2.5,20,2.6,17,10.0,1.5,3.0,0.0,0.0
2.5,20,2.6,15,10.0,1.5,3.0,0.0,0.0
2.5,20,2.6,10,10.0,1.5,3.0,0.0,0.0
2.5,20,2.7,17,10.0,1.5,3.0,0.0,0.0
2.5,20,2.7,15,10.0,1.5,3.0,0.0,0.0
2.5,20,2.7,10,10.0,1.5,3.0,0.0,0.0
2.5,20,2.9,17,10.0,1.5,3.0,0.0,0.0
2.5,20,2.9,15,10.0,1.5,3.0,0.0,0.0
2.5,20,2.9,10,10.0,1.5,3.0,0.0,0.0
2.5,20,3.3,17,10.0,1.5,3.0,0.0,0.0
2.5,20,3.3,15,10.0,1.5,3.0,0.0,0.0
2.5,20,3.3,10,10.0,1.5,3.0,0.0,0.0
2.5,15,2.6,12,10.0,1.5,3.0,0.0,0.0
2.5,15,2.6,10,10.0,1.5,3.0,0.0,0.0
2.5,15,2.6,5,10.0,1.5,3.0,0.0,0.0
2.5,15,2.7,12,10.0,1.5,3.0,0.0,0.0
2.5,15,2.7,10,10.0,1.5,3.0,0.0,0.0
2.5,15,2.7,5,10.0,1.5,3.0,0.0,0.0
2.5,15,2.9,12,10.0,1.5,3.0,0.0,0.0
2.5,15,2.9,10,10.0,1.5,3.0,0.0,0.0
2.5,15,2.9,5,10.0,1.5,3.0,0.0,0.0
2.5,15,3.3,12,10.0,1.5,3.0,0.0,0.0
2.5,15,3.3,10,10.0,1.5,3.0,0.0,0.0
2.5,15,3.3,5,10.0,1.5,3.0,0.0,0.0
3.0,25,3.1,22,10.0,1.5,3.0,0.0,0.0
3.0,25,3.1,20,10.0,1.5,3.0,0.0,0.0
3.0,25,3.1,15,10.0,1.5,3.0,0.0,0.0
3.0,25,3.2,22,10.0,1.5,3.0,0.0,0.0
3.0,25,3.2,20,10.0,1.5,3.0,0.0,0.0
3.0,25,3.2,15,10.0,1.5,3.0,0.0,0.0
3.0,25,3.4,22,10.0,1.5,3.0,0.0,0.0
3.0,25,3.4,20,10.0,1.5,3.0,0.0,0.0
3.0,25,3.4,15,10.0,1.5,3.0,0.0,0.0
3.0,25,3.8,22,10.0,1.5,3.0,0.0,0.0
3.0,25,3.8,20,10.0,1.5,3.0,0.0,0.0
3.0,25,3.8,15,10.0,1.5,3.0,0.0,0.0
3.0,20,3.1,17,10.0,1.5,3.0,0.0,0.0
3.0,20,3.1,15,10.0,1.5,3.0,0.0,0.0
3.0,20,3.1,10,10.0,1.5,3.0,0.0,0.0
3.0,20,3.2,17,10.0,1.5,3.0,0.0,0.0
3.0,20,3.2,15,10.0,1.5,3.0,0.0,0.0
3.0,20,3.2,10,10.0,1.5,3.0,0.0,0.0
3.0,20,3.4,17,10.0,1.5,3.0,0.0,0.0
3.0,20,3.4,15,10.0,1.5,3.0,0.0,0.0
3.0,20,3.4,10,10.0,1.5,3.0,0.0,0.0
3.0,20,3.8,17,10.0,1.5,3.0,0.0,0.0
3.0,20,3.8,15,10.0,1.5,3.0,0.0,0.0
3.0,20,3.8,10,10.0,1.5,3.0,0.0,0.0
3.0,15,3.1,12,10.0,1.5,3.0,0.0,0.0
3.0,15,3.1,10,10.0,1.5,3.0,0.0,0.0
3.0,15,3.1,5,10.0,1.5,3.0,0.0,0.0
3.0,15,3.2,12,10.0,1.5,3.0,0.0,0.0
3.0,15,3.2,10,10.0,1.5,3.0,0.0,0.0
3.0,15,3.2,5,10.0,1.5,3.0,0.0,0.0
3.0,15,3.4,12,10.0,1.5,3.0,0.0,0.0
3.0,15,3.4,10,10.0,1.5,3.0,0.0,0.0
3.0,15,3.4,5,10.0,1.5,3.0,0.0,0.0
3.0,15,3.8,12,10.0,1.5,3.0,0.0,0.0
3.0,15,3.8,10,10.0,1.5,3.0,0.0,0.0
3.0,15,3.8,5,10.0,1.5,3.0,0.0,0.0
4.0,25,4.1,22,10.0,1.5,3.0,0.0,0.0
4.0,25,4.1,20,10.0,1.5,3.0,0.0,0.0
4.0,25,4.1,15,10.0,1.5,3.0,0.0,0.0
4.0,25,4.2,22,10.0,1.5,3.0,0.0,0.0
4.0,25,4.2,20,10.0,1.5,3.0,0.0,0.0
4.0,25,4.2,15,10.0,1.5,3.0,0.0,0.0
4.0,25,4.4,22,10.0,1.5,3.0,0.0,0.0
4.0,25,4.4,20,10.0,1.5,3.0,0.0,0.0
4.0,25,4.4,15,10.0,1.5,3.0,0.0,0.0
4.0,25,4.8,22,10.0,1.5,3.0,0.0,0.0
4.0,25,4.8,20,10.0,1.5,3.0,0.0,0.0
4.0,25,4.8,15,10.0,1.5,3.0,0.0,0.0
4.0,20,4.1,17,10.0,1.5,3.0,0.0,0.0
4.0,20,4.1,15,10.0,1.5,3.0,0.0,0.0
4.0,20,4.1,10,10.0,1.5,3.0,0.0,0.0
4.0,20,4.2,17,10.0,1.5,3.0,0.0,0.0
4.0,20,4.2,15,10.0,1.5,3.0,0.0,0.0
4.0,20,4.2,10,10.0,1.5,3.0,0.0,0.0
4.0,20,4.4,17,10.0,1.5,3.0,0.0,0.0
4.0,20,4.4,15,10.0,1.5,3.0,0.0,0.0
4.0,20,4.4,10,10.0,1.5,3.0,0.0,0.0
4.0,20,4.8,17,10.0,1.5,3.0,0.0,0.0
4.0,20,4.8,15,10.0,1.5,3.0,0.0,0.0
4.0,20,4.8,10,10.0,1.5,3.0,0.0,0.0
5.0,25,5.1,22,10.0,1.5,3.0,0.0,0.0
5.0,25,5.1,20,10.0,1.5,3.0,0.0,0.0
5.0,25,5.1,15,10.0,1.5,3.0,0.0,0.0
5.0,25,5.2,22,10.0,1.5,3.0,0.0,0.0
5.0,25,5.2,20,10.0,1.5,3.0,0.0,0.0
5.0,25,5.2,15,10.0,1.5,3.0,0.0,0.0
5.0,25,5.4,22,10.0,1.5,3.0,0.0,0.0
5.0,25,5.4,20,10.0,1.5,3.0,0.0,0.0
5.0,25,5.4,15,10.0,1.5,3.0,0.0,0.0
5.0,25,5.8,22,10.0,1.5,3.0,0.0,0.0
5.0,25,5.8,20,10.0,1.5,3.0,0.0,0.0
5.0,25,5.8,15,10.0,1.5,3.0,0.0,0.0
5.0,20,5.1,17,10.0,1.5,3.0,0.0,0.0
5.0,20,5.1,15,10.0,1.5,3.0,0.0,0.0
5.0,20,5.1,10,10.0,1.5,3.0,0.0,0.0
5.0,20,5.2,17,10.0,1.5,3.0,0.0,0.0
5.0,20,5.2,15,10.0,1.5,3.0,0.0,0.0
5.0,20,5.2,10,10.0,1.5,3.0,0.0,0.0
5.0,20,5.4,17,10.0,1.5,3.0,0.0,0.0
5.0,20,5.4,15,10.0,1.5,3.0,0.0,0.0
5.0,20,5.4,10,10.0,1.5,3.0,0.0,0.0
5.0,20,5.8,17,10.0,1.5,3.0,0.0,0.0
5.0,20,5.8,15,10.0,1.5,3.0,0.0,0.0
5.0,20,5.8,10,10.0,1.5,3.0,0.0,0.0
