open_strip_mean_max,open_flow_peak_min,close_strip_mean_max,close_flow_peak_min,window_s,min_active_s,min_inactive_s,real_delivery_active_frac,ad_active_frac,replay_active_frac,noise_active_frac,score
0.1,30,0.15,25,10.0,1.5,3.0,0.0,0.0,0.002,0.0,0.0
0.1,30,0.15,20,10.0,1.5,3.0,0.0,0.0,0.002,0.0,0.0
0.1,30,0.15,15,10.0,1.5,3.0,0.0,0.0,0.002,0.0,0.0
0.1,30,0.175,25,10.0,1.5,3.0,0.0,0.0,0.002,0.0,0.0
0.1,30,0.175,20,10.0,1.5,3.0,0.0,0.0,0.002,0.0,0.0
0.1,30,0.175,15,10.0,1.5,3.0,0.0,0.0,0.002,0.0,0.0
0.1,30,0.2,25,10.0,1.5,3.0,0.0,0.0,0.002,0.0,0.0
0.1,30,0.2,20,10.0,1.5,3.0,0.0,0.0,0.002,0.0,0.0
0.1,30,0.2,15,10.0,1.5,3.0,0.0,0.0,0.002,0.0,0.0
0.1,30,0.225,25,10.0,1.5,3.0,0.0,0.0,0.002,0.0,0.0
0.1,30,0.225,20,10.0,1.5,3.0,0.0,0.0,0.002,0.0,0.0
0.1,30,0.225,15,10.0,1.5,3.0,0.0,0.0,0.002,0.0,0.0
0.1,30,0.25,25,10.0,1.5,3.0,0.0,0.0,0.002,0.0,0.0
0.1,30,0.25,20,10.0,1.5,3.0,0.0,0.0,0.002,0.0,0.0
0.1,30,0.25,15,10.0,1.5,3.0,0.0,0.0,0.002,0.0,0.0
0.1,35,0.15,30,10.0,1.5,3.0,0.0,0.0,0.0017,0.0,0.0
0.1,35,0.15,25,10.0,1.5,3.0,0.0,0.0,0.0017,0.0,0.0
0.1,35,0.15,20,10.0,1.5,3.0,0.0,0.0,0.0017,0.0,0.0
0.1,35,0.175,30,10.0,1.5,3.0,0.0,0.0,0.0017,0.0,0.0
0.1,35,0.175,25,10.0,1.5,3.0,0.0,0.0,0.0017,0.0,0.0
0.1,35,0.175,20,10.0,1.5,3.0,0.0,0.0,0.0017,0.0,0.0
0.1,35,0.2,30,10.0,1.5,3.0,0.0,0.0,0.0017,0.0,0.0
0.1,35,0.2,25,10.0,1.5,3.0,0.0,0.0,0.0017,0.0,0.0
0.1,35,0.2,20,10.0,1.5,3.0,0.0,0.0,0.0017,0.0,0.0
0.1,35,0.225,30,10.0,1.5,3.0,0.0,0.0,0.0017,0.0,0.0
0.1,35,0.225,25,10.0,1.5,3.0,0.0,0.0,0.0017,0.0,0.0
0.1,35,0.225,20,10.0,1.5,3.0,0.0,0.0,0.0017,0.0,0.0
0.1,35,0.25,30,10.0,1.5,3.0,0.0,0.0,0.0017,0.0,0.0
0.1,35,0.25,25,10.0,1.5,3.0,0.0,0.0,0.0017,0.0,0.0
0.1,35,0.25,20,10.0,1.5,3.0,0.0,0.0,0.0017,0.0,0.0
0.1,40,0.15,35,10.0,1.5,3.0,0.0,0.0,0.0,0.0,0.0
0.1,40,0.15,30,10.0,1.5,3.0,0.0,0.0,0.0,0.0,0.0
0.1,40,0.15,25,10.0,1.5,3.0,0.0,0.0,0.0,0.0,0.0
0.1,40,0.175,35,10.0,1.5,3.0,0.0,0.0,0.0,0.0,0.0
0.1,40,0.175,30,10.0,1.5,3.0,0.0,0.0,0.0,0.0,0.0
0.1,40,0.175,25,10.0,1.5,3.0,0.0,0.0,0.0,0.0,0.0
0.1,40,0.2,35,10.0,1.5,3.0,0.0,0.0,0.0,0.0,0.0
0.1,40,0.2,30,10.0,1.5,3.0,0.0,0.0,0.0,0.0,0.0
0.1,40,0.2,25,10.0,1.5,3.0,0.0,0.0,0.0,0.0,0.0
0.1,40,0.225,35,10.0,1.5,3.0,0.0,0.0,0.0,0.0,0.0
0.1,40,0.225,30,10.0,1.5,3.0,0.0,0.0,0.0,0.0,0.0
0.1,40,0.225,25,10.0,1.5,3.0,0.0,0.0,0.0,0.0,0.0
0.1,40,0.25,35,10.0,1.5,3.0,0.0,0.0,0.0,0.0,0.0
0.1,40,0.25,30,10.0,1.5,3.0,0.0,0.0,0.0,0.0,0.0
0.1,40,0.25,25,10.0,1.5,3.0,0.0,0.0,0.0,0.0,0.0
0.1,45,0.15,40,10.0,1.5,3.0,0.0,0.0,0.0,0.0,0.0
0.1,45,0.15,35,10.0,1.5,3.0,0.0,0.0,0.0,0.0,0.0
0.1,45,0.15,30,10.0,1.5,3.0,0.0,0.0,0.0,0.0,0.0
0.1,45,0.175,40,10.0,1.5,3.0,0.0,0.0,0.0,0.0,0.0
0.1,45,0.175,35,10.0,1.5,3.0,0.0,0.0,0.0,0.0,0.0
0.1,45,0.175,30,10.0,1.5,3.0,0.0,0.0,0.0,0.0,0.0
0.1,45,0.2,40,10.0,1.5,3.0,0.0,0.0,0.0,0.0,0.0
0.1,45,0.2,35,10.0,1.5,3.0,0.0,0.0,0.0,0.0,0.0
0.1,45,0.2,30,10.0,1.5,3.0,0.0,0.0,0.0,0.0,0.0
0.1,45,0.225,40,10.0,1.5,3.0,0.0,0.0,0.0,0.0,0.0
0.1,45,0.225,35,10.0,1.5,3.0,0.0,0.0,0.0,0.0,0.0
0.1,45,0.225,30,10.0,1.5,3.0,0.0,0.0,0.0,0.0,0.0
0.1,45,0.25,40,10.0,1.5,3.0,0.0,0.0,0.0,0.0,0.0
0.1,45,0.25,35,10.0,1.5,3.0,0.0,0.0,0.0,0.0,0.0
0.1,45,0.25,30,10.0,1.5,3.0,0.0,0.0,0.0,0.0,0.0
0.1,50,0.15,45,10.0,1.5,3.0,0.0,0.0,0.0,0.0,0.0
0.1,50,0.15,40,10.0,1.5,3.0,0.0,0.0,0.0,0.0,0.0
0.1,50,0.15,35,10.0,1.5,3.0,0.0,0.0,0.0,0.0,0.0
0.1,50,0.175,45,10.0,1.5,3.0,0.0,0.0,0.0,0.0,0.0
0.1,50,0.175,40,10.0,1.5,3.0,0.0,0.0,0.0,0.0,0.0
0.1,50,0.175,35,10.0,1.5,3.0,0.0,0.0,0.0,0.0,0.0
0.1,50,0.2,45,10.0,1.5,3.0,0.0,0.0,0.0,0.0,0.0
0.1,50,0.2,40,10.0,1.5,3.0,0.0,0.0,0.0,0.0,0.0
0.1,50,0.2,35,10.0,1.5,3.0,0.0,0.0,0.0,0.0,0.0
0.1,50,0.225,45,10.0,1.5,3.0,0.0,0.0,0.0,0.0,0.0
0.1,50,0.225,40,10.0,1.5,3.0,0.0,0.0,0.0,0.0,0.0
0.1,50,0.225,35,10.0,1.5,3.0,0.0,0.0,0.0,0.0,0.0
0.1,50,0.25,45,10.0,1.5,3.0,0.0,0.0,0.0,0.0,0.0
0.1,50,0.25,40,10.0,1.5,3.0,0.0,0.0,0.0,0.0,0.0
0.1,50,0.25,35,10.0,1.5,3.0,0.0,0.0,0.0,0.0,0.0
0.15,30,0.2,25,10.0,1.5,3.0,0.0,0.0,0.002,0.0,0.0
0.15,30,0.2,20,10.0,1.5,3.0,0.0,0.0,0.002,0.0,0.0
0.15,30,0.2,15,10.0,1.5,3.0,0.0,0.0,0.002,0.0,0.0
0.15,30,0.225,25,10.0,1.5,3.0,0.0,0.0,0.002,0.0,0.0
0.15,30,0.225,20,10.0,1.5,3.0,0.0,0.0,0.002,0.0,0.0
0.15,30,0.225,15,10.0,1.5,3.0,0.0,0.0,0.002,0.0,0.0
0.15,30,0.25,25,10.0,1.5,3.0,0.0,0.0,0.002,0.0,0.0
0.15,30,0.25,20,10.0,1.5,3.0,0.0,0.0,0.002,0.0,0.0
0.15,30,0.25,15,10.0,1.5,3.0,0.0,0.0,0.002,0.0,0.0
0.15,30,0.275,25,10.0,1.5,3.0,0.0,0.0,0.002,0.0,0.0
0.15,30,0.275,20,10.0,1.5,3.0,0.0,0.0,0.002,0.0,0.0
0.15,30,0.275,15,10.0,1.5,3.0,0.0,0.0,0.002,0.0,0.0
0.15,30,0.3,25,10.0,1.5,3.0,0.0,0.0,0.002,0.0,0.0
0.15,30,0.3,20,10.0,1.5,3.0,0.0,0.0,0.002,0.0,0.0
0.15,30,0.3,15,10.0,1.5,3.0,0.0,0.0,0.002,0.0,0.0
0.15,35,0.2,30,10.0,1.5,3.0,0.0,0.0,0.0017,0.0,0.0
0.15,35,0.2,25,10.0,1.5,3.0,0.0,0.0,0.0017,0.0,0.0
0.15,35,0.2,20,10.0,1.5,3.0,0.0,0.0,0.0017,0.0,0.0
0.15,35,0.225,30,10.0,1.5,3.0,0.0,0.0,0.0017,0.0,0.0
0.15,35,0.225,25,10.0,1.5,3.0,0.0,0.0,0.0017,0.0,0.0
0.15,35,0.225,20,10.0,1.5,3.0,0.0,0.0,0.0017,0.0,0.0
0.15,35,0.25,30,10.0,1.5,3.0,0.0,0.0,0.0017,0.0,0.0
0.15,35,0.25,25,10.0,1.5,3.0,0.0,0.0,0.0017,0.0,0.0
0.15,35,0.25,20,10.0,1.5,3.0,0.0,0.0,0.0017,0.0,0.0
0.15,35,0.275,30,10.0,1.5,3.0,0.0,0.0,0.0017,0.0,0.0
0.15,35,0.275,25,10.0,1.5,3.0,0.0,0.0,0.0017,0.0,0.0
0.15,35,0.275,20,10.0,1.5,3.0,0.0,0.0,0.0017,0.0,0.0
0.15,35,0.3,30,10.0,1.5,3.0,0.0,0.0,0.0017,0.0,0.0
0.15,35,0.3,25,10.0,1.5,3.0,0.0,0.0,0.0017,0.0,0.0
0.15,35,0.3,20,10.0,1.5,3.0,0.0,0.0,0.0017,0.0,0.0
0.15,40,0.2,35,10.0,1.5,3.0,0.0,0.0,0.0,0.0,0.0
0.15,40,0.2,30,10.0,1.5,3.0,0.0,0.0,0.0,0.0,0.0
0.15,40,0.2,25,10.0,1.5,3.0,0.0,0.0,0.0,0.0,0.0
0.15,40,0.225,35,10.0,1.5,3.0,0.0,0.0,0.0,0.0,0.0
0.15,40,0.225,30,10.0,1.5,3.0,0.0,0.0,0.0,0.0,0.0
0.15,40,0.225,25,10.0,1.5,3.0,0.0,0.0,0.0,0.0,0.0
0.15,40,0.25,35,10.0,1.5,3.0,0.0,0.0,0.0,0.0,0.0
0.15,40,0.25,30,10.0,1.5,3.0,0.0,0.0,0.0,0.0,0.0
0.15,40,0.25,25,10.0,1.5,3.0,0.0,0.0,0.0,0.0,0.0
0.15,40,0.275,35,10.0,1.5,3.0,0.0,0.0,0.0,0.0,0.0
0.15,40,0.275,30,10.0,1.5,3.0,0.0,0.0,0.0,0.0,0.0
0.15,40,0.275,25,10.0,1.5,3.0,0.0,0.0,0.0,0.0,0.0
0.15,40,0.3,35,10.0,1.5,3.0,0.0,0.0,0.0,0.0,0.0
0.15,40,0.3,30,10.0,1.5,3.0,0.0,0.0,0.0,0.0,0.0
0.15,40,0.3,25,10.0,1.5,3.0,0.0,0.0,0.0,0.0,0.0
0.15,45,0.2,40,10.0,1.5,3.0,0.0,0.0,0.0,0.0,0.0
0.15,45,0.2,35,10.0,1.5,3.0,0.0,0.0,0.0,0.0,0.0
0.15,45,0.2,30,10.0,1.5,3.0,0.0,0.0,0.0,0.0,0.0
0.15,45,0.225,40,10.0,1.5,3.0,0.0,0.0,0.0,0.0,0.0
0.15,45,0.225,35,10.0,1.5,3.0,0.0,0.0,0.0,0.0,0.0
0.15,45,0.225,30,10.0,1.5,3.0,0.0,0.0,0.0,0.0,0.0
0.15,45,0.25,40,10.0,1.5,3.0,0.0,0.0,0.0,0.0,0.0
0.15,45,0.25,35,10.0,1.5,3.0,0.0,0.0,0.0,0.0,0.0
0.15,45,0.25,30,10.0,1.5,3.0,0.0,0.0,0.0,0.0,0.0
0.15,45,0.275,40,10.0,1.5,3.0,0.0,0.0,0.0,0.0,0.0
0.15,45,0.275,35,10.0,1.5,3.0,0.0,0.0,0.0,0.0,0.0
0.15,45,0.275,30,10.0,1.5,3.0,0.0,0.0,0.0,0.0,0.0
0.15,45,0.3,40,10.0,1.5,3.0,0.0,0.0,0.0,0.0,0.0
0.15,45,0.3,35,10.0,1.5,3.0,0.0,0.0,0.0,0.0,0.0
0.15,45,0.3,30,10.0,1.5,3.0,0.0,0.0,0.0,0.0,0.0
0.15,50,0.2,45,10.0,1.5,3.0,0.0,0.0,0.0,0.0,0.0
0.15,50,0.2,40,10.0,1.5,3.0,0.0,0.0,0.0,0.0,0.0
0.15,50,0.2,35,10.0,1.5,3.0,0.0,0.0,0.0,0.0,0.0
0.15,50,0.225,45,10.0,1.5,3.0,0.0,0.0,0.0,0.0,0.0
0.15,50,0.225,40,10.0,1.5,3.0,0.0,0.0,0.0,0.0,0.0
0.15,50,0.225,35,10.0,1.5,3.0,0.0,0.0,0.0,0.0,0.0
0.15,50,0.25,45,10.0,1.5,3.0,0.0,0.0,0.0,0.0,0.0
0.15,50,0.25,40,10.0,1.5,3.0,0.0,0.0,0.0,0.0,0.0
0.15,50,0.25,35,10.0,1.5,3.0,0.0,0.0,0.0,0.0,0.0
0.15,50,0.275,45,10.0,1.5,3.0,0.0,0.0,0.0,0.0,0.0
0.15,50,0.275,40,10.0,1.5,3.0,0.0,0.0,0.0,0.0,0.0
0.15,50,0.275,35,10.0,1.5,3.0,0.0,0.0,0.0,0.0,0.0
0.15,50,0.3,45,10.0,1.5,3.0,0.0,0.0,0.0,0.0,0.0
0.15,50,0.3,40,10.0,1.5,3.0,0.0,0.0,0.0,0.0,0.0
0.15,50,0.3,35,10.0,1.5,3.0,0.0,0.0,0.0,0.0,0.0
0.2,30,0.25,25,10.0,1.5,3.0,0.0,0.0,0.002,0.0,0.0
0.2,30,0.25,20,10.0,1.5,3.0,0.0,0.0,0.002,0.0,0.0
0.2,30,0.25,15,10.0,1.5,3.0,0.0,0.0,0.002,0.0,0.0
0.2,30,0.275,25,10.0,1.5,3.0,0.0,0.0,0.002,0.0,0.0
0.2,30,0.275,20,10.0,1.5,3.0,0.0,0.0,0.002,0.0,0.0
0.2,30,0.275,15,10.0,1.5,3.0,0.0,0.0,0.002,0.0,0.0
0.2,30,0.3,25,10.0,1.5,3.0,0.0,0.0,0.002,0.0,0.0
0.2,30,0.3,20,10.0,1.5,3.0,0.0,0.0,0.002,0.0,0.0
0.2,30,0.3,15,10.0,1.5,3.0,0.0,0.0,0.002,0.0,0.0
0.2,30,0.325,25,10.0,1.5,3.0,0.0,0.0,0.002,0.0,0.0
0.2,30,0.325,20,10.0,1.5,3.0,0.0,0.0,0.002,0.0,0.0
0.2,30,0.325,15,10.0,1.5,3.0,0.0,0.0,0.002,0.0,0.0
0.2,30,0.35,25,10.0,1.5,3.0,0.0,0.0,0.002,0.0,0.0
0.2,30,0.35,20,10.0,1.5,3.0,0.0,0.0,0.002,0.0,0.0
0.2,30,0.35,15,10.0,1.5,3.0,0.0,0.0,0.002,0.0,0.0
0.2,35,0.25,30,10.0,1.5,3.0,0.0,0.0,0.0017,0.0,0.0
0.2,35,0.25,25,10.0,1.5,3.0,0.0,0.0,0.0017,0.0,0.0
0.2,35,0.25,20,10.0,1.5,3.0,0.0,0.0,0.0017,0.0,0.0
0.2,35,0.275,30,10.0,1.5,3.0,0.0,0.0,0.0017,0.0,0.0
0.2,35,0.275,25,10.0,1.5,3.0,0.0,0.0,0.0017,0.0,0.0
0.2,35,0.275,20,10.0,1.5,3.0,0.0,0.0,0.0017,0.0,0.0
0.2,35,0.3,30,10.0,1.5,3.0,0.0,0.0,0.0017,0.0,0.0
0.2,35,0.3,25,10.0,1.5,3.0,0.0,0.0,0.0017,0.0,0.0
0.2,35,0.3,20,10.0,1.5,3.0,0.0,0.0,0.0017,0.0,0.0
0.2,35,0.325,30,10.0,1.5,3.0,0.0,0.0,0.0017,0.0,0.0
0.2,35,0.325,25,10.0,1.5,3.0,0.0,0.0,0.0017,0.0,0.0
0.2,35,0.325,20,10.0,1.5,3.0,0.0,0.0,0.0017,0.0,0.0
0.2,35,0.35,30,10.0,1.5,3.0,0.0,0.0,0.0017,0.0,0.0
0.2,35,0.35,25,10.0,1.5,3.0,0.0,0.0,0.0017,0.0,0.0
0.2,35,0.35,20,10.0,1.5,3.0,0.0,0.0,0.0017,0.0,0.0
0.2,40,0.25,35,10.0,1.5,3.0,0.0,0.0,0.0,0.0,0.0
0.2,40,0.25,30,10.0,1.5,3.0,0.0,0.0,0.0,0.0,0.0
0.2,40,0.25,25,10.0,1.5,3.0,0.0,0.0,0.0,0.0,0.0
0.2,40,0.275,35,10.0,1.5,3.0,0.0,0.0,0.0,0.0,0.0
0.2,40,0.275,30,10.0,1.5,3.0,0.0,0.0,0.0,0.0,0.0
0.2,40,0.275,25,10.0,1.5,3.0,0.0,0.0,0.0,0.0,0.0
0.2,40,0.3,35,10.0,1.5,3.0,0.0,0.0,0.0,0.0,0.0
0.2,40,0.3,30,10.0,1.5,3.0,0.0,0.0,0.0,0.0,0.0
0.2,40,0.3,25,10.0,1.5,3.0,0.0,0.0,0.0,0.0,0.0
0.2,40,0.325,35,10.0,1.5,3.0,0.0,0.0,0.0,0.0,0.0
0.2,40,0.325,30,10.0,1.5,3.0,0.0,0.0,0.0,0.0,0.0
0.2,40,0.325,25,10.0,1.5,3.0,0.0,0.0,0.0,0.0,0.0
0.2,40,0.35,35,10.0,1.5,3.0,0.0,0.0,0.0,0.0,0.0
0.2,40,0.35,30,10.0,1.5,3.0,0.0,0.0,0.0,0.0,0.0
0.2,40,0.35,25,10.0,1.5,3.0,0.0,0.0,0.0,0.0,0.0
0.2,45,0.25,40,10.0,1.5,3.0,0.0,0.0,0.0,0.0,0.0
0.2,45,0.25,35,10.0,1.5,3.0,0.0,0.0,0.0,0.0,0.0
0.2,45,0.25,30,10.0,1.5,3.0,0.0,0.0,0.0,0.0,0.0
0.2,45,0.275,40,10.0,1.5,3.0,0.0,0.0,0.0,0.0,0.0
0.2,45,0.275,35,10.0,1.5,3.0,0.0,0.0,0.0,0.0,0.0
0.2,45,0.275,30,10.0,1.5,3.0,0.0,0.0,0.0,0.0,0.0
0.2,45,0.3,40,10.0,1.5,3.0,0.0,0.0,0.0,0.0,0.0
0.2,45,0.3,35,10.0,1.5,3.0,0.0,0.0,0.0,0.0,0.0
0.2,45,0.3,30,10.0,1.5,3.0,0.0,0.0,0.0,0.0,0.0
0.2,45,0.325,40,10.0,1.5,3.0,0.0,0.0,0.0,0.0,0.0
0.2,45,0.325,35,10.0,1.5,3.0,0.0,0.0,0.0,0.0,0.0
0.2,45,0.325,30,10.0,1.5,3.0,0.0,0.0,0.0,0.0,0.0
0.2,45,0.35,40,10.0,1.5,3.0,0.0,0.0,0.0,0.0,0.0
0.2,45,0.35,35,10.0,1.5,3.0,0.0,0.0,0.0,0.0,0.0
0.2,45,0.35,30,10.0,1.5,3.0,0.0,0.0,0.0,0.0,0.0
0.2,50,0.25,45,10.0,1.5,3.0,0.0,0.0,0.0,0.0,0.0
0.2,50,0.25,40,10.0,1.5,3.0,0.0,0.0,0.0,0.0,0.0
0.2,50,0.25,35,10.0,1.5,3.0,0.0,0.0,0.0,0.0,0.0
0.2,50,0.275,45,10.0,1.5,3.0,0.0,0.0,0.0,0.0,0.0
0.2,50,0.275,40,10.0,1.5,3.0,0.0,0.0,0.0,0.0,0.0
0.2,50,0.275,35,10.0,1.5,3.0,0.0,0.0,0.0,0.0,0.0
0.2,50,0.3,45,10.0,1.5,3.0,0.0,0.0,0.0,0.0,0.0
0.2,50,0.3,40,10.0,1.5,3.0,0.0,0.0,0.0,0.0,0.0
0.2,50,0.3,35,10.0,1.5,3.0,0.0,0.0,0.0,0.0,0.0
0.2,50,0.325,45,10.0,1.5,3.0,0.0,0.0,0.0,0.0,0.0
0.2,50,0.325,40,10.0,1.5,3.0,0.0,0.0,0.0,0.0,0.0
0.2,50,0.325,35,10.0,1.5,3.0,0.0,0.0,0.0,0.0,0.0
0.2,50,0.35,45,10.0,1.5,3.0,0.0,0.0,0.0,0.0,0.0
0.2,50,0.35,40,10.0,1.5,3.0,0.0,0.0,0.0,0.0,0.0
0.2,50,0.35,35,10.0,1.5,3.0,0.0,0.0,0.0,0.0,0.0
0.25,30,0.3,25,10.0,1.5,3.0,0.0,0.0,0.002,0.0,0.0
0.25,30,0.3,20,10.0,1.5,3.0,0.0,0.0,0.002,0.0,0.0
0.25,30,0.3,15,10.0,1.5,3.0,0.0,0.0,0.002,0.0,0.0
0.25,30,0.325,25,10.0,1.5,3.0,0.0,0.0,0.002,0.0,0.0
0.25,30,0.325,20,10.0,1.5,3.0,0.0,0.0,0.002,0.0,0.0
0.25,30,0.325,15,10.0,1.5,3.0,0.0,0.0,0.002,0.0,0.0
0.25,30,0.35,25,10.0,1.5,3.0,0.0,0.0,0.002,0.0,0.0
0.25,30,0.35,20,10.0,1.5,3.0,0.0,0.0,0.002,0.0,0.0
0.25,30,0.35,15,10.0,1.5,3.0,0.0,0.0,0.002,0.0,0.0
0.25,30,0.375,25,10.0,1.5,3.0,0.0,0.0,0.002,0.0,0.0
0.25,30,0.375,20,10.0,1.5,3.0,0.0,0.0,0.002,0.0,0.0
0.25,30,0.375,15,10.0,1.5,3.0,0.0,0.0,0.002,0.0,0.0
0.25,30,0.4,25,10.0,1.5,3.0,0.0,0.0,0.002,0.0,0.0
0.25,30,0.4,20,10.0,1.5,3.0,0.0,0.0,0.002,0.0,0.0
0.25,30,0.4,15,10.0,1.5,3.0,0.0,0.0,0.002,0.0,0.0
0.25,35,0.3,30,10.0,1.5,3.0,0.0,0.0,0.0017,0.0,0.0
0.25,35,0.3,25,10.0,1.5,3.0,0.0,0.0,0.0017,0.0,0.0
0.25,35,0.3,20,10.0,1.5,3.0,0.0,0.0,0.0017,0.0,0.0
0.25,35,0.325,30,10.0,1.5,3.0,0.0,0.0,0.0017,0.0,0.0
0.25,35,0.325,25,10.0,1.5,3.0,0.0,0.0,0.0017,0.0,0.0
0.25,35,0.325,20,10.0,1.5,3.0,0.0,0.0,0.0017,0.0,0.0
0.25,35,0.35,30,10.0,1.5,3.0,0.0,0.0,0.0017,0.0,0.0
0.25,35,0.35,25,10.0,1.5,3.0,0.0,0.0,0.0017,0.0,0.0
0.25,35,0.35,20,10.0,1.5,3.0,0.0,0.0,0.0017,0.0,0.0
0.25,35,0.375,30,10.0,1.5,3.0,0.0,0.0,0.0017,0.0,0.0
0.25,35,0.375,25,10.0,1.5,3.0,0.0,0.0,0.0017,0.0,0.0
0.25,35,0.375,20,10.0,1.5,3.0,0.0,0.0,0.0017,0.0,0.0
0.25,35,0.4,30,10.0,1.5,3.0,0.0,0.0,0.0017,0.0,0.0
0.25,35,0.4,25,10.0,1.5,3.0,0.0,0.0,0.0017,0.0,0.0
0.25,35,0.4,20,10.0,1.5,3.0,0.0,0.0,0.0017,0.0,0.0
0.25,40,0.3,35,10.0,1.5,3.0,0.0,0.0,0.0,0.0,0.0
0.25,40,0.3,30,10.0,1.5,3.0,0.0,0.0,0.0,0.0,0.0
0.25,40,0.3,25,10.0,1.5,3.0,0.0,0.0,0.0,0.0,0.0
0.25,40,0.325,35,10.0,1.5,3.0,0.0,0.0,0.0,0.0,0.0
0.25,40,0.325,30,10.0,1.5,3.0,0.0,0.0,0.0,0.0,0.0
0.25,40,0.325,25,10.0,1.5,3.0,0.0,0.0,0.0,0.0,0.0
0.25,40,0.35,35,10.0,1.5,3.0,0.0,0.0,0.0,0.0,0.0
0.25,40,0.35,30,10.0,1.5,3.0,0.0,0.0,0.0,0.0,0.0
0.25,40,0.35,25,10.0,1.5,3.0,0.0,0.0,0.0,0.0,0.0
0.25,40,0.375,35,10.0,1.5,3.0,0.0,0.0,0.0,0.0,0.0
0.25,40,0.375,30,10.0,1.5,3.0,0.0,0.0,0.0,0.0,0.0
0.25,40,0.375,25,10.0,1.5,3.0,0.0,0.0,0.0,0.0,0.0
0.25,40,0.4,35,10.0,1.5,3.0,0.0,0.0,0.0,0.0,0.0
0.25,40,0.4,30,10.0,1.5,3.0,0.0,0.0,0.0,0.0,0.0
0.25,40,0.4,25,10.0,1.5,3.0,0.0,0.0,0.0,0.0,0.0
0.25,45,0.3,40,10.0,1.5,3.0,0.0,0.0,0.0,0.0,0.0
0.25,45,0.3,35,10.0,1.5,3.0,0.0,0.0,0.0,0.0,0.0
0.25,45,0.3,30,10.0,1.5,3.0,0.0,0.0,0.0,0.0,0.0
0.25,45,0.325,40,10.0,1.5,3.0,0.0,0.0,0.0,0.0,0.0
0.25,45,0.325,35,10.0,1.5,3.0,0.0,0.0,0.0,0.0,0.0
0.25,45,0.325,30,10.0,1.5,3.0,0.0,0.0,0.0,0.0,0.0
0.25,45,0.35,40,10.0,1.5,3.0,0.0,0.0,0.0,0.0,0.0
0.25,45,0.35,35,10.0,1.5,3.0,0.0,0.0,0.0,0.0,0.0
0.25,45,0.35,30,10.0,1.5,3.0,0.0,0.0,0.0,0.0,0.0
0.25,45,0.375,40,10.0,1.5,3.0,0.0,0.0,0.0,0.0,0.0
0.25,45,0.375,35,10.0,1.5,3.0,0.0,0.0,0.0,0.0,0.0
0.25,45,0.375,30,10.0,1.5,3.0,0.0,0.0,0.0,0.0,0.0
0.25,45,0.4,40,10.0,1.5,3.0,0.0,0.0,0.0,0.0,0.0
0.25,45,0.4,35,10.0,1.5,3.0,0.0,0.0,0.0,0.0,0.0
0.25,45,0.4,30,10.0,1.5,3.0,0.0,0.0,0.0,0.0,0.0
0.25,50,0.3,45,10.0,1.5,3.0,0.0,0.0,0.0,0.0,0.0
0.25,50,0.3,40,10.0,1.5,3.0,0.0,0.0,0.0,0.0,0.0
0.25,50,0.3,35,10.0,1.5,3.0,0.0,0.0,0.0,0.0,0.0
0.25,50,0.325,45,10.0,1.5,3.0,0.0,0.0,0.0,0.0,0.0
0.25,50,0.325,40,10.0,1.5,3.0,0.0,0.0,0.0,0.0,0.0
0.25,50,0.325,35,10.0,1.5,3.0,0.0,0.0,0.0,0.0,0.0
0.25,50,0.35,45,10.0,1.5,3.0,0.0,0.0,0.0,0.0,0.0
0.25,50,0.35,40,10.0,1.5,3.0,0.0,0.0,0.0,0.0,0.0
0.25,50,0.35,35,10.0,1.5,3.0,0.0,0.0,0.0,0.0,0.0
0.25,50,0.375,45,10.0,1.5,3.0,0.0,0.0,0.0,0.0,0.0
0.25,50,0.375,40,10.0,1.5,3.0,0.0,0.0,0.0,0.0,0.0
0.25,50,0.375,35,10.0,1.5,3.0,0.0,0.0,0.0,0.0,0.0
0.25,50,0.4,45,10.0,1.5,3.0,0.0,0.0,0.0,0.0,0.0
0.25,50,0.4,40,10.0,1.5,3.0,0.0,0.0,0.0,0.0,0.0
0.25,50,0.4,35,10.0,1.5,3.0,0.0,0.0,0.0,0.0,0.0
0.3,30,0.35,25,10.0,1.5,3.0,0.0,0.0,0.002,0.0,0.0
0.3,30,0.35,20,10.0,1.5,3.0,0.0,0.0,0.002,0.0,0.0
0.3,30,0.35,15,10.0,1.5,3.0,0.0,0.0,0.002,0.0,0.0
0.3,30,0.375,25,10.0,1.5,3.0,0.0,0.0,0.002,0.0,0.0
0.3,30,0.375,20,10.0,1.5,3.0,0.0,0.0,0.002,0.0,0.0
0.3,30,0.375,15,10.0,1.5,3.0,0.0,0.0,0.002,0.0,0.0
0.3,30,0.4,25,10.0,1.5,3.0,0.0,0.0,0.002,0.0,0.0
0.3,30,0.4,20,10.0,1.5,3.0,0.0,0.0,0.002,0.0,0.0
0.3,30,0.4,15,10.0,1.5,3.0,0.0,0.0,0.002,0.0,0.0
0.3,30,0.425,25,10.0,1.5,3.0,0.0,0.0,0.002,0.0,0.0
0.3,30,0.425,20,10.0,1.5,3.0,0.0,0.0,0.002,0.0,0.0
0.3,30,0.425,15,10.0,1.5,3.0,0.0,0.0,0.002,0.0,0.0
0.3,30,0.45,25,10.0,1.5,3.0,0.0,0.0,0.002,0.0,0.0
0.3,30,0.45,20,10.0,1.5,3.0,0.0,0.0,0.002,0.0,0.0
0.3,30,0.45,15,10.0,1.5,3.0,0.0,0.0,0.002,0.0,0.0
0.3,35,0.35,30,10.0,1.5,3.0,0.0,0.0,0.0017,0.0,0.0
0.3,35,0.35,25,10.0,1.5,3.0,0.0,0.0,0.0017,0.0,0.0
0.3,35,0.35,20,10.0,1.5,3.0,0.0,0.0,0.0017,0.0,0.0
0.3,35,0.375,30,10.0,1.5,3.0,0.0,0.0,0.0017,0.0,0.0
0.3,35,0.375,25,10.0,1.5,3.0,0.0,0.0,0.0017,0.0,0.0
0.3,35,0.375,20,10.0,1.5,3.0,0.0,0.0,0.0017,0.0,0.0
0.3,35,0.4,30,10.0,1.5,3.0,0.0,0.0,0.0017,0.0,0.0
0.3,35,0.4,25,10.0,1.5,3.0,0.0,0.0,0.0017,0.0,0.0
0.3,35,0.4,20,10.0,1.5,3.0,0.0,0.0,0.0017,0.0,0.0
0.3,35,0.425,30,10.0,1.5,3.0,0.0,0.0,0.0017,0.0,0.0
0.3,35,0.425,25,10.0,1.5,3.0,0.0,0.0,0.0017,0.0,0.0
0.3,35,0.425,20,10.0,1.5,3.0,0.0,0.0,0.0017,0.0,0.0
0.3,35,0.45,30,10.0,1.5,3.0,0.0,0.0,0.0017,0.0,0.0
0.3,35,0.45,25,10.0,1.5,3.0,0.0,0.0,0.0017,0.0,0.0
0.3,35,0.45,20,10.0,1.5,3.0,0.0,0.0,0.0017,0.0,0.0
0.3,40,0.35,35,10.0,1.5,3.0,0.0,0.0,0.0,0.0,0.0
0.3,40,0.35,30,10.0,1.5,3.0,0.0,0.0,0.0,0.0,0.0
0.3,40,0.35,25,10.0,1.5,3.0,0.0,0.0,0.0,0.0,0.0
0.3,40,0.375,35,10.0,1.5,3.0,0.0,0.0,0.0,0.0,0.0
0.3,40,0.375,30,10.0,1.5,3.0,0.0,0.0,0.0,0.0,0.0
0.3,40,0.375,25,10.0,1.5,3.0,0.0,0.0,0.0,0.0,0.0
0.3,40,0.4,35,10.0,1.5,3.0,0.0,0.0,0.0,0.0,0.0
0.3,40,0.4,30,10.0,1.5,3.0,0.0,0.0,0.0,0.0,0.0
0.3,40,0.4,25,10.0,1.5,3.0,0.0,0.0,0.0,0.0,0.0
0.3,40,0.425,35,10.0,1.5,3.0,0.0,0.0,0.0,0.0,0.0
0.3,40,0.425,30,10.0,1.5,3.0,0.0,0.0,0.0,0.0,0.0
0.3,40,0.425,25,10.0,1.5,3.0,0.0,0.0,0.0,0.0,0.0
0.3,40,0.45,35,10.0,1.5,3.0,0.0,0.0,0.0,0.0,0.0
0.3,40,0.45,30,10.0,1.5,3.0,0.0,0.0,0.0,0.0,0.0
0.3,40,0.45,25,10.0,1.5,3.0,0.0,0.0,0.0,0.0,0.0
0.3,45,0.35,40,10.0,1.5,3.0,0.0,0.0,0.0,0.0,0.0
0.3,45,0.35,35,10.0,1.5,3.0,0.0,0.0,0.0,0.0,0.0
0.3,45,0.35,30,10.0,1.5,3.0,0.0,0.0,0.0,0.0,0.0
0.3,45,0.375,40,10.0,1.5,3.0,0.0,0.0,0.0,0.0,0.0
0.3,45,0.375,35,10.0,1.5,3.0,0.0,0.0,0.0,0.0,0.0
0.3,45,0.375,30,10.0,1.5,3.0,0.0,0.0,0.0,0.0,0.0
0.3,45,0.4,40,10.0,1.5,3.0,0.0,0.0,0.0,0.0,0.0
0.3,45,0.4,35,10.0,1.5,3.0,0.0,0.0,0.0,0.0,0.0
0.3,45,0.4,30,10.0,1.5,3.0,0.0,0.0,0.0,0.0,0.0
0.3,45,0.425,40,10.0,1.5,3.0,0.0,0.0,0.0,0.0,0.0
0.3,45,0.425,35,10.0,1.5,3.0,0.0,0.0,0.0,0.0,0.0
0.3,45,0.425,30,10.0,1.5,3.0,0.0,0.0,0.0,0.0,0.0
0.3,45,0.45,40,10.0,1.5,3.0,0.0,0.0,0.0,0.0,0.0
0.3,45,0.45,35,10.0,1.5,3.0,0.0,0.0,0.0,0.0,0.0
0.3,45,0.45,30,10.0,1.5,3.0,0.0,0.0,0.0,0.0,0.0
0.3,50,0.35,45,10.0,1.5,3.0,0.0,0.0,0.0,0.0,0.0
0.3,50,0.35,40,10.0,1.5,3.0,0.0,0.0,0.0,0.0,0.0
0.3,50,0.35,35,10.0,1.5,3.0,0.0,0.0,0.0,0.0,0.0
0.3,50,0.375,45,10.0,1.5,3.0,0.0,0.0,0.0,0.0,0.0
0.3,50,0.375,40,10.0,1.5,3.0,0.0,0.0,0.0,0.0,0.0
0.3,50,0.375,35,10.0,1.5,3.0,0.0,0.0,0.0,0.0,0.0
0.3,50,0.4,45,10.0,1.5,3.0,0.0,0.0,0.0,0.0,0.0
0.3,50,0.4,40,10.0,1.5,3.0,0.0,0.0,0.0,0.0,0.0
0.3,50,0.4,35,10.0,1.5,3.0,0.0,0.0,0.0,0.0,0.0
0.3,50,0.425,45,10.0,1.5,3.0,0.0,0.0,0.0,0.0,0.0
0.3,50,0.425,40,10.0,1.5,3.0,0.0,0.0,0.0,0.0,0.0
0.3,50,0.425,35,10.0,1.5,3.0,0.0,0.0,0.0,0.0,0.0
0.3,50,0.45,45,10.0,1.5,3.0,0.0,0.0,0.0,0.0,0.0
0.3,50,0.45,40,10.0,1.5,3.0,0.0,0.0,0.0,0.0,0.0
0.3,50,0.45,35,10.0,1.5,3.0,0.0,0.0,0.0,0.0,0.0
0.35,30,0.4,25,10.0,1.5,3.0,0.0,0.0,0.002,0.0,0.0
0.35,30,0.4,20,10.0,1.5,3.0,0.0,0.0,0.002,0.0,0.0
0.35,30,0.4,15,10.0,1.5,3.0,0.0,0.0,0.002,0.0,0.0
0.35,30,0.425,25,10.0,1.5,3.0,0.0,0.0,0.002,0.0,0.0
0.35,30,0.425,20,10.0,1.5,3.0,0.0,0.0,0.002,0.0,0.0
0.35,30,0.425,15,10.0,1.5,3.0,0.0,0.0,0.002,0.0,0.0
0.35,30,0.45,25,10.0,1.5,3.0,0.0,0.0,0.002,0.0,0.0
0.35,30,0.45,20,10.0,1.5,3.0,0.0,0.0,0.002,0.0,0.0
0.35,30,0.45,15,10.0,1.5,3.0,0.0,0.0,0.002,0.0,0.0
0.35,30,0.475,25,10.0,1.5,3.0,0.0,0.0,0.002,0.0,0.0
0.35,30,0.475,20,10.0,1.5,3.0,0.0,0.0,0.002,0.0,0.0
0.35,30,0.475,15,10.0,1.5,3.0,0.0,0.0,0.002,0.0,0.0
0.35,30,0.5,25,10.0,1.5,3.0,0.0,0.0,0.002,0.0,0.0
0.35,30,0.5,20,10.0,1.5,3.0,0.0,0.0,0.002,0.0,0.0
0.35,30,0.5,15,10.0,1.5,3.0,0.0,0.0,0.002,0.0,0.0
0.35,35,0.4,30,10.0,1.5,3.0,0.0,0.0,0.0017,0.0,0.0
0.35,35,0.4,25,10.0,1.5,3.0,0.0,0.0,0.0017,0.0,0.0
0.35,35,0.4,20,10.0,1.5,3.0,0.0,0.0,0.0017,0.0,0.0
0.35,35,0.425,30,10.0,1.5,3.0,0.0,0.0,0.0017,0.0,0.0
0.35,35,0.425,25,10.0,1.5,3.0,0.0,0.0,0.0017,0.0,0.0
0.35,35,0.425,20,10.0,1.5,3.0,0.0,0.0,0.0017,0.0,0.0
0.35,35,0.45,30,10.0,1.5,3.0,0.0,0.0,0.0017,0.0,0.0
0.35,35,0.45,25,10.0,1.5,3.0,0.0,0.0,0.0017,0.0,0.0
0.35,35,0.45,20,10.0,1.5,3.0,0.0,0.0,0.0017,0.0,0.0
0.35,35,0.475,30,10.0,1.5,3.0,0.0,0.0,0.0017,0.0,0.0
0.35,35,0.475,25,10.0,1.5,3.0,0.0,0.0,0.0017,0.0,0.0
0.35,35,0.475,20,10.0,1.5,3.0,0.0,0.0,0.0017,0.0,0.0
0.35,35,0.5,30,10.0,1.5,3.0,0.0,0.0,0.0017,0.0,0.0
0.35,35,0.5,25,10.0,1.5,3.0,0.0,0.0,0.0017,0.0,0.0
0.35,35,0.5,20,10.0,1.5,3.0,0.0,0.0,0.0017,0.0,0.0
0.35,40,0.4,35,10.0,1.5,3.0,0.0,0.0,0.0,0.0,0.0
0.35,40,0.4,30,10.0,1.5,3.0,0.0,0.0,0.0,0.0,0.0
0.35,40,0.4,25,10.0,1.5,3.0,0.0,0.0,0.0,0.0,0.0
0.35,40,0.425,35,10.0,1.5,3.0,0.0,0.0,0.0,0.0,0.0
0.35,40,0.425,30,10.0,1.5,3.0,0.0,0.0,0.0,0.0,0.0
0.35,40,0.425,25,10.0,1.5,3.0,0.0,0.0,0.0,0.0,0.0
0.35,40,0.45,35,10.0,1.5,3.0,0.0,0.0,0.0,0.0,0.0
0.35,40,0.45,30,10.0,1.5,3.0,0.0,0.0,0.0,0.0,0.0
0.35,40,0.45,25,10.0,1.5,3.0,0.0,0.0,0.0,0.0,0.0
0.35,40,0.475,35,10.0,1.5,3.0,0.0,0.0,0.0,0.0,0.0
0.35,40,0.475,30,10.0,1.5,3.0,0.0,0.0,0.0,0.0,0.0
0.35,40,0.475,25,10.0,1.5,3.0,0.0,0.0,0.0,0.0,0.0
0.35,40,0.5,35,10.0,1.5,3.0,0.0,0.0,0.0,0.0,0.0
0.35,40,0.5,30,10.0,1.5,3.0,0.0,0.0,0.0,0.0,0.0
0.35,40,0.5,25,10.0,1.5,3.0,0.0,0.0,0.0,0.0,0.0
0.35,45,0.4,40,10.0,1.5,3.0,0.0,0.0,0.0,0.0,0.0
0.35,45,0.4,35,10.0,1.5,3.0,0.0,0.0,0.0,0.0,0.0
0.35,45,0.4,30,10.0,1.5,3.0,0.0,0.0,0.0,0.0,0.0
0.35,45,0.425,40,10.0,1.5,3.0,0.0,0.0,0.0,0.0,0.0
0.35,45,0.425,35,10.0,1.5,3.0,0.0,0.0,0.0,0.0,0.0
0.35,45,0.425,30,10.0,1.5,3.0,0.0,0.0,0.0,0.0,0.0
0.35,45,0.45,40,10.0,1.5,3.0,0.0,0.0,0.0,0.0,0.0
0.35,45,0.45,35,10.0,1.5,3.0,0.0,0.0,0.0,0.0,0.0
0.35,45,0.45,30,10.0,1.5,3.0,0.0,0.0,0.0,0.0,0.0
0.35,45,0.475,40,10.0,1.5,3.0,0.0,0.0,0.0,0.0,0.0
0.35,45,0.475,35,10.0,1.5,3.0,0.0,0.0,0.0,0.0,0.0
0.35,45,0.475,30,10.0,1.5,3.0,0.0,0.0,0.0,0.0,0.0
0.35,45,0.5,40,10.0,1.5,3.0,0.0,0.0,0.0,0.0,0.0
0.35,45,0.5,35,10.0,1.5,3.0,0.0,0.0,0.0,0.0,0.0
0.35,45,0.5,30,10.0,1.5,3.0,0.0,0.0,0.0,0.0,0.0
0.35,50,0.4,45,10.0,1.5,3.0,0.0,0.0,0.0,0.0,0.0
0.35,50,0.4,40,10.0,1.5,3.0,0.0,0.0,0.0,0.0,0.0
0.35,50,0.4,35,10.0,1.5,3.0,0.0,0.0,0.0,0.0,0.0
0.35,50,0.425,45,10.0,1.5,3.0,0.0,0.0,0.0,0.0,0.0
0.35,50,0.425,40,10.0,1.5,3.0,0.0,0.0,0.0,0.0,0.0
0.35,50,0.425,35,10.0,1.5,3.0,0.0,0.0,0.0,0.0,0.0
0.35,50,0.45,45,10.0,1.5,3.0,0.0,0.0,0.0,0.0,0.0
0.35,50,0.45,40,10.0,1.5,3.0,0.0,0.0,0.0,0.0,0.0
0.35,50,0.45,35,10.0,1.5,3.0,0.0,0.0,0.0,0.0,0.0
0.35,50,0.475,45,10.0,1.5,3.0,0.0,0.0,0.0,0.0,0.0
0.35,50,0.475,40,10.0,1.5,3.0,0.0,0.0,0.0,0.0,0.0
0.35,50,0.475,35,10.0,1.5,3.0,0.0,0.0,0.0,0.0,0.0
0.35,50,0.5,45,10.0,1.5,3.0,0.0,0.0,0.0,0.0,0.0
0.35,50,0.5,40,10.0,1.5,3.0,0.0,0.0,0.0,0.0,0.0
0.35,50,0.5,35,10.0,1.5,3.0,0.0,0.0,0.0,0.0,0.0
0.4,30,0.45,25,10.0,1.5,3.0,0.0,0.0,0.002,0.0,0.0
0.4,30,0.45,20,10.0,1.5,3.0,0.0,0.0,0.002,0.0,0.0
0.4,30,0.45,15,10.0,1.5,3.0,0.0,0.0,0.002,0.0,0.0
0.4,30,0.475,25,10.0,1.5,3.0,0.0,0.0,0.002,0.0,0.0
0.4,30,0.475,20,10.0,1.5,3.0,0.0,0.0,0.002,0.0,0.0
0.4,30,0.475,15,10.0,1.5,3.0,0.0,0.0,0.002,0.0,0.0
0.4,30,0.5,25,10.0,1.5,3.0,0.0,0.0,0.002,0.0,0.0
0.4,30,0.5,20,10.0,1.5,3.0,0.0,0.0,0.002,0.0,0.0
0.4,30,0.5,15,10.0,1.5,3.0,0.0,0.0,0.002,0.0,0.0
0.4,30,0.525,25,10.0,1.5,3.0,0.0,0.0,0.002,0.0,0.0
0.4,30,0.525,20,10.0,1.5,3.0,0.0,0.0,0.002,0.0,0.0
0.4,30,0.525,15,10.0,1.5,3.0,0.0,0.0,0.002,0.0,0.0
0.4,30,0.55,25,10.0,1.5,3.0,0.0,0.0,0.002,0.0,0.0
0.4,30,0.55,20,10.0,1.5,3.0,0.0,0.0,0.002,0.0,0.0
0.4,30,0.55,15,10.0,1.5,3.0,0.0,0.0,0.002,0.0,0.0
0.4,35,0.45,30,10.0,1.5,3.0,0.0,0.0,0.0017,0.0,0.0
0.4,35,0.45,25,10.0,1.5,3.0,0.0,0.0,0.0017,0.0,0.0
0.4,35,0.45,20,10.0,1.5,3.0,0.0,0.0,0.0017,0.0,0.0
0.4,35,0.475,30,10.0,1.5,3.0,0.0,0.0,0.0017,0.0,0.0
0.4,35,0.475,25,10.0,1.5,3.0,0.0,0.0,0.0017,0.0,0.0
0.4,35,0.475,20,10.0,1.5,3.0,0.0,0.0,0.0017,0.0,0.0
0.4,35,0.5,30,10.0,1.5,3.0,0.0,0.0,0.0017,0.0,0.0
0.4,35,0.5,25,10.0,1.5,3.0,0.0,0.0,0.0017,0.0,0.0
0.4,35,0.5,20,10.0,1.5,3.0,0.0,0.0,0.0017,0.0,0.0
0.4,35,0.525,30,10.0,1.5,3.0,0.0,0.0,0.0017,0.0,0.0
0.4,35,0.525,25,10.0,1.5,3.0,0.0,0.0,0.0017,0.0,0.0
0.4,35,0.525,20,10.0,1.5,3.0,0.0,0.0,0.0017,0.0,0.0
0.4,35,0.55,30,10.0,1.5,3.0,0.0,0.0,0.0017,0.0,0.0
0.4,35,0.55,25,10.0,1.5,3.0,0.0,0.0,0.0017,0.0,0.0
0.4,35,0.55,20,10.0,1.5,3.0,0.0,0.0,0.0017,0.0,0.0
0.4,40,0.45,35,10.0,1.5,3.0,0.0,0.0,0.0,0.0,0.0
0.4,40,0.45,30,10.0,1.5,3.0,0.0,0.0,0.0,0.0,0.0
0.4,40,0.45,25,10.0,1.5,3.0,0.0,0.0,0.0,0.0,0.0
0.4,40,0.475,35,10.0,1.5,3.0,0.0,0.0,0.0,0.0,0.0
0.4,40,0.475,30,10.0,1.5,3.0,0.0,0.0,0.0,0.0,0.0
0.4,40,0.475,25,10.0,1.5,3.0,0.0,0.0,0.0,0.0,0.0
0.4,40,0.5,35,10.0,1.5,3.0,0.0,0.0,0.0,0.0,0.0
0.4,40,0.5,30,10.0,1.5,3.0,0.0,0.0,0.0,0.0,0.0
0.4,40,0.5,25,10.0,1.5,3.0,0.0,0.0,0.0,0.0,0.0
0.4,40,0.525,35,10.0,1.5,3.0,0.0,0.0,0.0,0.0,0.0
0.4,40,0.525,30,10.0,1.5,3.0,0.0,0.0,0.0,0.0,0.0
0.4,40,0.525,25,10.0,1.5,3.0,0.0,0.0,0.0,0.0,0.0
0.4,40,0.55,35,10.0,1.5,3.0,0.0,0.0,0.0,0.0,0.0
0.4,40,0.55,30,10.0,1.5,3.0,0.0,0.0,0.0,0.0,0.0
0.4,40,0.55,25,10.0,1.5,3.0,0.0,0.0,0.0,0.0,0.0
0.4,45,0.45,40,10.0,1.5,3.0,0.0,0.0,0.0,0.0,0.0
0.4,45,0.45,35,10.0,1.5,3.0,0.0,0.0,0.0,0.0,0.0
0.4,45,0.45,30,10.0,1.5,3.0,0.0,0.0,0.0,0.0,0.0
0.4,45,0.475,40,10.0,1.5,3.0,0.0,0.0,0.0,0.0,0.0
0.4,45,0.475,35,10.0,1.5,3.0,0.0,0.0,0.0,0.0,0.0
0.4,45,0.475,30,10.0,1.5,3.0,0.0,0.0,0.0,0.0,0.0
0.4,45,0.5,40,10.0,1.5,3.0,0.0,0.0,0.0,0.0,0.0
0.4,45,0.5,35,10.0,1.5,3.0,0.0,0.0,0.0,0.0,0.0
0.4,45,0.5,30,10.0,1.5,3.0,0.0,0.0,0.0,0.0,0.0
0.4,45,0.525,40,10.0,1.5,3.0,0.0,0.0,0.0,0.0,0.0
0.4,45,0.525,35,10.0,1.5,3.0,0.0,0.0,0.0,0.0,0.0
0.4,45,0.525,30,10.0,1.5,3.0,0.0,0.0,0.0,0.0,0.0
0.4,45,0.55,40,10.0,1.5,3.0,0.0,0.0,0.0,0.0,0.0
0.4,45,0.55,35,10.0,1.5,3.0,0.0,0.0,0.0,0.0,0.0
0.4,45,0.55,30,10.0,1.5,3.0,0.0,0.0,0.0,0.0,0.0
0.4,50,0.45,45,10.0,1.5,3.0,0.0,0.0,0.0,0.0,0.0
0.4,50,0.45,40,10.0,1.5,3.0,0.0,0.0,0.0,0.0,0.0
0.4,50,0.45,35,10.0,1.5,3.0,0.0,0.0,0.0,0.0,0.0
0.4,50,0.475,45,10.0,1.5,3.0,0.0,0.0,0.0,0.0,0.0
0.4,50,0.475,40,10.0,1.5,3.0,0.0,0.0,0.0,0.0,0.0
0.4,50,0.475,35,10.0,1.5,3.0,0.0,0.0,0.0,0.0,0.0
0.4,50,0.5,45,10.0,1.5,3.0,0.0,0.0,0.0,0.0,0.0
0.4,50,0.5,40,10.0,1.5,3.0,0.0,0.0,0.0,0.0,0.0
0.4,50,0.5,35,10.0,1.5,3.0,0.0,0.0,0.0,0.0,0.0
0.4,50,0.525,45,10.0,1.5,3.0,0.0,0.0,0.0,0.0,0.0
0.4,50,0.525,40,10.0,1.5,3.0,0.0,0.0,0.0,0.0,0.0
0.4,50,0.525,35,10.0,1.5,3.0,0.0,0.0,0.0,0.0,0.0
0.4,50,0.55,45,10.0,1.5,3.0,0.0,0.0,0.0,0.0,0.0
0.4,50,0.55,40,10.0,1.5,3.0,0.0,0.0,0.0,0.0,0.0
0.4,50,0.55,35,10.0,1.5,3.0,0.0,0.0,0.0,0.0,0.0
0.1,25,0.15,20,10.0,1.5,3.0,0.0,0.0055,0.0044,0.0,0.0
0.1,25,0.15,15,10.0,1.5,3.0,0.0,0.0055,0.0044,0.0,0.0
0.1,25,0.15,10,10.0,1.5,3.0,0.0,0.0055,0.0044,0.0,0.0
0.1,25,0.175,20,10.0,1.5,3.0,0.0,0.0055,0.0044,0.0,0.0
0.1,25,0.175,15,10.0,1.5,3.0,0.0,0.0055,0.0044,0.0,0.0
0.1,25,0.175,10,10.0,1.5,3.0,0.0,0.0055,0.0044,0.0,0.0
0.1,25,0.2,20,10.0,1.5,3.0,0.0,0.0055,0.0044,0.0,0.0
0.1,25,0.2,15,10.0,1.5,3.0,0.0,0.0055,0.0044,0.0,0.0
0.1,25,0.2,10,10.0,1.5,3.0,0.0,0.0055,0.0044,0.0,0.0
0.1,25,0.225,20,10.0,1.5,3.0,0.0,0.0055,0.0044,0.0,0.0
0.1,25,0.225,15,10.0,1.5,3.0,0.0,0.0055,0.0044,0.0,0.0
0.1,25,0.225,10,10.0,1.5,3.0,0.0,0.0055,0.0044,0.0,0.0
0.1,25,0.25,20,10.0,1.5,3.0,0.0,0.0055,0.0044,0.0,0.0
0.1,25,0.25,15,10.0,1.5,3.0,0.0,0.0055,0.0044,0.0,0.0
0.1,25,0.25,10,10.0,1.5,3.0,0.0,0.0055,0.0044,0.0,0.0
0.15,25,0.2,20,10.0,1.5,3.0,0.0,0.0055,0.0044,0.0,0.0
0.15,25,0.2,15,10.0,1.5,3.0,0.0,0.0055,0.0044,0.0,0.0
0.15,25,0.2,10,10.0,1.5,3.0,0.0,0.0055,0.0044,0.0,0.0
0.15,25,0.225,20,10.0,1.5,3.0,0.0,0.0055,0.0044,0.0,0.0
0.15,25,0.225,15,10.0,1.5,3.0,0.0,0.0055,0.0044,0.0,0.0
0.15,25,0.225,10,10.0,1.5,3.0,0.0,0.0055,0.0044,0.0,0.0
0.15,25,0.25,20,10.0,1.5,3.0,0.0,0.0055,0.0044,0.0,0.0
0.15,25,0.25,15,10.0,1.5,3.0,0.0,0.0055,0.0044,0.0,0.0
0.15,25,0.25,10,10.0,1.5,3.0,0.0,0.0055,0.0044,0.0,0.0
0.15,25,0.275,20,10.0,1.5,3.0,0.0,0.0055,0.0044,0.0,0.0
0.15,25,0.275,15,10.0,1.5,3.0,0.0,0.0055,0.0044,0.0,0.0
0.15,25,0.275,10,10.0,1.5,3.0,0.0,0.0055,0.0044,0.0,0.0
0.15,25,0.3,20,10.0,1.5,3.0,0.0,0.0055,0.0044,0.0,0.0
0.15,25,0.3,15,10.0,1.5,3.0,0.0,0.0055,0.0044,0.0,0.0
0.15,25,0.3,10,10.0,1.5,3.0,0.0,0.0055,0.0044,0.0,0.0
0.2,25,0.25,20,10.0,1.5,3.0,0.0,0.0055,0.0044,0.0,0.0
0.2,25,0.25,15,10.0,1.5,3.0,0.0,0.0055,0.0044,0.0,0.0
0.2,25,0.25,10,10.0,1.5,3.0,0.0,0.0055,0.0044,0.0,0.0
0.2,25,0.275,20,10.0,1.5,3.0,0.0,0.0055,0.0044,0.0,0.0
0.2,25,0.275,15,10.0,1.5,3.0,0.0,0.0055,0.0044,0.0,0.0
0.2,25,0.275,10,10.0,1.5,3.0,0.0,0.0055,0.0044,0.0,0.0
0.2,25,0.3,20,10.0,1.5,3.0,0.0,0.0055,0.0044,0.0,0.0
0.2,25,0.3,15,10.0,1.5,3.0,0.0,0.0055,0.0044,0.0,0.0
0.2,25,0.3,10,10.0,1.5,3.0,0.0,0.0055,0.0044,0.0,0.0
0.2,25,0.325,20,10.0,1.5,3.0,0.0,0.0055,0.0044,0.0,0.0
0.2,25,0.325,15,10.0,1.5,3.0,0.0,0.0055,0.0044,0.0,0.0
0.2,25,0.325,10,10.0,1.5,3.0,0.0,0.0055,0.0044,0.0,0.0
0.2,25,0.35,20,10.0,1.5,3.0,0.0,0.0055,0.0044,0.0,0.0
0.2,25,0.35,15,10.0,1.5,3.0,0.0,0.0055,0.0044,0.0,0.0
0.2,25,0.35,10,10.0,1.5,3.0,0.0,0.0055,0.0044,0.0,0.0
0.25,25,0.3,20,10.0,1.5,3.0,0.0,0.0055,0.0044,0.0,0.0
0.25,25,0.3,15,10.0,1.5,3.0,0.0,0.0055,0.0044,0.0,0.0
0.25,25,0.3,10,10.0,1.5,3.0,0.0,0.0055,0.0044,0.0,0.0
0.25,25,0.325,20,10.0,1.5,3.0,0.0,0.0055,0.0044,0.0,0.0
0.25,25,0.325,15,10.0,1.5,3.0,0.0,0.0055,0.0044,0.0,0.0
0.25,25,0.325,10,10.0,1.5,3.0,0.0,0.0055,0.0044,0.0,0.0
0.25,25,0.35,20,10.0,1.5,3.0,0.0,0.0055,0.0044,0.0,0.0
0.25,25,0.35,15,10.0,1.5,3.0,0.0,0.0055,0.0044,0.0,0.0
0.25,25,0.35,10,10.0,1.5,3.0,0.0,0.0055,0.0044,0.0,0.0
0.25,25,0.375,20,10.0,1.5,3.0,0.0,0.0055,0.0044,0.0,0.0
0.25,25,0.375,15,10.0,1.5,3.0,0.0,0.0055,0.0044,0.0,0.0
0.25,25,0.375,10,10.0,1.5,3.0,0.0,0.0055,0.0044,0.0,0.0
0.25,25,0.4,20,10.0,1.5,3.0,0.0,0.0055,0.0044,0.0,0.0
0.25,25,0.4,15,10.0,1.5,3.0,0.0,0.0055,0.0044,0.0,0.0
0.25,25,0.4,10,10.0,1.5,3.0,0.0,0.0055,0.0044,0.0,0.0
0.3,25,0.35,20,10.0,1.5,3.0,0.0,0.0055,0.0044,0.0,0.0
0.3,25,0.35,15,10.0,1.5,3.0,0.0,0.0055,0.0044,0.0,0.0
0.3,25,0.35,10,10.0,1.5,3.0,0.0,0.0055,0.0044,0.0,0.0
0.3,25,0.375,20,10.0,1.5,3.0,0.0,0.0055,0.0044,0.0,0.0
0.3,25,0.375,15,10.0,1.5,3.0,0.0,0.0055,0.0044,0.0,0.0
0.3,25,0.375,10,10.0,1.5,3.0,0.0,0.0055,0.0044,0.0,0.0
0.3,25,0.4,20,10.0,1.5,3.0,0.0,0.0055,0.0044,0.0,0.0
0.3,25,0.4,15,10.0,1.5,3.0,0.0,0.0055,0.0044,0.0,0.0
0.3,25,0.4,10,10.0,1.5,3.0,0.0,0.0055,0.0044,0.0,0.0
0.3,25,0.425,20,10.0,1.5,3.0,0.0,0.0055,0.0044,0.0,0.0
0.3,25,0.425,15,10.0,1.5,3.0,0.0,0.0055,0.0044,0.0,0.0
0.3,25,0.425,10,10.0,1.5,3.0,0.0,0.0055,0.0044,0.0,0.0
0.3,25,0.45,20,10.0,1.5,3.0,0.0,0.0055,0.0044,0.0,0.0
0.3,25,0.45,15,10.0,1.5,3.0,0.0,0.0055,0.0044,0.0,0.0
0.3,25,0.45,10,10.0,1.5,3.0,0.0,0.0055,0.0044,0.0,0.0
0.35,25,0.4,20,10.0,1.5,3.0,0.0,0.0055,0.0044,0.0,0.0
0.35,25,0.4,15,10.0,1.5,3.0,0.0,0.0055,0.0044,0.0,0.0
0.35,25,0.4,10,10.0,1.5,3.0,0.0,0.0055,0.0044,0.0,0.0
0.35,25,0.425,20,10.0,1.5,3.0,0.0,0.0055,0.0044,0.0,0.0
0.35,25,0.425,15,10.0,1.5,3.0,0.0,0.0055,0.0044,0.0,0.0
0.35,25,0.425,10,10.0,1.5,3.0,0.0,0.0055,0.0044,0.0,0.0
0.35,25,0.45,20,10.0,1.5,3.0,0.0,0.0055,0.0044,0.0,0.0
0.35,25,0.45,15,10.0,1.5,3.0,0.0,0.0055,0.0044,0.0,0.0
0.35,25,0.45,10,10.0,1.5,3.0,0.0,0.0055,0.0044,0.0,0.0
0.35,25,0.475,20,10.0,1.5,3.0,0.0,0.0055,0.0044,0.0,0.0
0.35,25,0.475,15,10.0,1.5,3.0,0.0,0.0055,0.0044,0.0,0.0
0.35,25,0.475,10,10.0,1.5,3.0,0.0,0.0055,0.0044,0.0,0.0
0.35,25,0.5,20,10.0,1.5,3.0,0.0,0.0055,0.0044,0.0,0.0
0.35,25,0.5,15,10.0,1.5,3.0,0.0,0.0055,0.0044,0.0,0.0
0.35,25,0.5,10,10.0,1.5,3.0,0.0,0.0055,0.0044,0.0,0.0
0.4,25,0.45,20,10.0,1.5,3.0,0.0,0.0055,0.0044,0.0,0.0
0.4,25,0.45,15,10.0,1.5,3.0,0.0,0.0055,0.0044,0.0,0.0
0.4,25,0.45,10,10.0,1.5,3.0,0.0,0.0055,0.0044,0.0,0.0
0.4,25,0.475,20,10.0,1.5,3.0,0.0,0.0055,0.0044,0.0,0.0
0.4,25,0.475,15,10.0,1.5,3.0,0.0,0.0055,0.0044,0.0,0.0
0.4,25,0.475,10,10.0,1.5,3.0,0.0,0.0055,0.0044,0.0,0.0
0.4,25,0.5,20,10.0,1.5,3.0,0.0,0.0055,0.0044,0.0,0.0
0.4,25,0.5,15,10.0,1.5,3.0,0.0,0.0055,0.0044,0.0,0.0
0.4,25,0.5,10,10.0,1.5,3.0,0.0,0.0055,0.0044,0.0,0.0
0.4,25,0.525,20,10.0,1.5,3.0,0.0,0.0055,0.0044,0.0,0.0
0.4,25,0.525,15,10.0,1.5,3.0,0.0,0.0055,0.0044,0.0,0.0
0.4,25,0.525,10,10.0,1.5,3.0,0.0,0.0055,0.0044,0.0,0.0
0.4,25,0.55,20,10.0,1.5,3.0,0.0,0.0055,0.0044,0.0,0.0
0.4,25,0.55,15,10.0,1.5,3.0,0.0,0.0055,0.0044,0.0,0.0
0.4,25,0.55,10,10.0,1.5,3.0,0.0,0.0055,0.0044,0.0,0.0
0.1,20,0.15,15,10.0,1.5,3.0,0.0,0.0096,0.0065,0.0,0.0
0.1,20,0.15,10,10.0,1.5,3.0,0.0,0.0096,0.0065,0.0,0.0
0.1,20,0.15,5,10.0,1.5,3.0,0.0,0.0096,0.0065,0.0,0.0
0.1,20,0.175,15,10.0,1.5,3.0,0.0,0.0096,0.0065,0.0,0.0
0.1,20,0.175,10,10.0,1.5,3.0,0.0,0.0096,0.0065,0.0,0.0
0.1,20,0.175,5,10.0,1.5,3.0,0.0,0.0096,0.0065,0.0,0.0
0.1,20,0.2,15,10.0,1.5,3.0,0.0,0.0096,0.0065,0.0,0.0
0.1,20,0.2,10,10.0,1.5,3.0,0.0,0.0096,0.0065,0.0,0.0
0.1,20,0.2,5,10.0,1.5,3.0,0.0,0.0096,0.0065,0.0,0.0
0.1,20,0.225,15,10.0,1.5,3.0,0.0,0.0096,0.0065,0.0,0.0
0.1,20,0.225,10,10.0,1.5,3.0,0.0,0.0096,0.0065,0.0,0.0
0.1,20,0.225,5,10.0,1.5,3.0,0.0,0.0096,0.0065,0.0,0.0
0.1,20,0.25,15,10.0,1.5,3.0,0.0,0.0096,0.0065,0.0,0.0
0.1,20,0.25,10,10.0,1.5,3.0,0.0,0.0096,0.0065,0.0,0.0
0.1,20,0.25,5,10.0,1.5,3.0,0.0,0.0096,0.0065,0.0,0.0
0.15,20,0.2,15,10.0,1.5,3.0,0.0,0.0096,0.0065,0.0,0.0
0.15,20,0.2,10,10.0,1.5,3.0,0.0,0.0096,0.0065,0.0,0.0
0.15,20,0.2,5,10.0,1.5,3.0,0.0,0.0096,0.0065,0.0,0.0
0.15,20,0.225,15,10.0,1.5,3.0,0.0,0.0096,0.0065,0.0,0.0
0.15,20,0.225,10,10.0,1.5,3.0,0.0,0.0096,0.0065,0.0,0.0
0.15,20,0.225,5,10.0,1.5,3.0,0.0,0.0096,0.0065,0.0,0.0
0.15,20,0.25,15,10.0,1.5,3.0,0.0,0.0096,0.0065,0.0,0.0
0.15,20,0.25,10,10.0,1.5,3.0,0.0,0.0096,0.0065,0.0,0.0
0.15,20,0.25,5,10.0,1.5,3.0,0.0,0.0096,0.0065,0.0,0.0
0.15,20,0.275,15,10.0,1.5,3.0,0.0,0.0096,0.0065,0.0,0.0
0.15,20,0.275,10,10.0,1.5,3.0,0.0,0.0096,0.0065,0.0,0.0
0.15,20,0.275,5,10.0,1.5,3.0,0.0,0.0096,0.0065,0.0,0.0
0.15,20,0.3,15,10.0,1.5,3.0,0.0,0.0096,0.0065,0.0,0.0
0.15,20,0.3,10,10.0,1.5,3.0,0.0,0.0096,0.0065,0.0,0.0
0.15,20,0.3,5,10.0,1.5,3.0,0.0,0.0096,0.0065,0.0,0.0
0.2,20,0.25,15,10.0,1.5,3.0,0.0,0.0096,0.0065,0.0,0.0
0.2,20,0.25,10,10.0,1.5,3.0,0.0,0.0096,0.0065,0.0,0.0
0.2,20,0.25,5,10.0,1.5,3.0,0.0,0.0096,0.0065,0.0,0.0
0.2,20,0.275,15,10.0,1.5,3.0,0.0,0.0096,0.0065,0.0,0.0
0.2,20,0.275,10,10.0,1.5,3.0,0.0,0.0096,0.0065,0.0,0.0
0.2,20,0.275,5,10.0,1.5,3.0,0.0,0.0096,0.0065,0.0,0.0
0.2,20,0.3,15,10.0,1.5,3.0,0.0,0.0096,0.0065,0.0,0.0
0.2,20,0.3,10,10.0,1.5,3.0,0.0,0.0096,0.0065,0.0,0.0
0.2,20,0.3,5,10.0,1.5,3.0,0.0,0.0096,0.0065,0.0,0.0
0.2,20,0.325,15,10.0,1.5,3.0,0.0,0.0096,0.0065,0.0,0.0
0.2,20,0.325,10,10.0,1.5,3.0,0.0,0.0096,0.0065,0.0,0.0
0.2,20,0.325,5,10.0,1.5,3.0,0.0,0.0096,0.0065,0.0,0.0
0.2,20,0.35,15,10.0,1.5,3.0,0.0,0.0096,0.0065,0.0,0.0
0.2,20,0.35,10,10.0,1.5,3.0,0.0,0.0096,0.0065,0.0,0.0
0.2,20,0.35,5,10.0,1.5,3.0,0.0,0.0096,0.0065,0.0,0.0
0.25,20,0.3,15,10.0,1.5,3.0,0.0,0.0096,0.0065,0.0,0.0
0.25,20,0.3,10,10.0,1.5,3.0,0.0,0.0096,0.0065,0.0,0.0
0.25,20,0.3,5,10.0,1.5,3.0,0.0,0.0096,0.0065,0.0,0.0
0.25,20,0.325,15,10.0,1.5,3.0,0.0,0.0096,0.0065,0.0,0.0
0.25,20,0.325,10,10.0,1.5,3.0,0.0,0.0096,0.0065,0.0,0.0
0.25,20,0.325,5,10.0,1.5,3.0,0.0,0.0096,0.0065,0.0,0.0
0.25,20,0.35,15,10.0,1.5,3.0,0.0,0.0096,0.0065,0.0,0.0
0.25,20,0.35,10,10.0,1.5,3.0,0.0,0.0096,0.0065,0.0,0.0
0.25,20,0.35,5,10.0,1.5,3.0,0.0,0.0096,0.0065,0.0,0.0
0.25,20,0.375,15,10.0,1.5,3.0,0.0,0.0096,0.0065,0.0,0.0
0.25,20,0.375,10,10.0,1.5,3.0,0.0,0.0096,0.0065,0.0,0.0
0.25,20,0.375,5,10.0,1.5,3.0,0.0,0.0096,0.0065,0.0,0.0
0.25,20,0.4,15,10.0,1.5,3.0,0.0,0.0096,0.0065,0.0,0.0
0.25,20,0.4,10,10.0,1.5,3.0,0.0,0.0096,0.0065,0.0,0.0
0.25,20,0.4,5,10.0,1.5,3.0,0.0,0.0096,0.0065,0.0,0.0
0.3,20,0.35,15,10.0,1.5,3.0,0.0,0.0096,0.0065,0.0,0.0
0.3,20,0.35,10,10.0,1.5,3.0,0.0,0.0096,0.0065,0.0,0.0
0.3,20,0.35,5,10.0,1.5,3.0,0.0,0.0096,0.0065,0.0,0.0
0.3,20,0.375,15,10.0,1.5,3.0,0.0,0.0096,0.0065,0.0,0.0
0.3,20,0.375,10,10.0,1.5,3.0,0.0,0.0096,0.0065,0.0,0.0
0.3,20,0.375,5,10.0,1.5,3.0,0.0,0.0096,0.0065,0.0,0.0
0.3,20,0.4,15,10.0,1.5,3.0,0.0,0.0096,0.0065,0.0,0.0
0.3,20,0.4,10,10.0,1.5,3.0,0.0,0.0096,0.0065,0.0,0.0
0.3,20,0.4,5,10.0,1.5,3.0,0.0,0.0096,0.0065,0.0,0.0
0.3,20,0.425,15,10.0,1.5,3.0,0.0,0.0096,0.0065,0.0,0.0
0.3,20,0.425,10,10.0,1.5,3.0,0.0,0.0096,0.0065,0.0,0.0
0.3,20,0.425,5,10.0,1.5,3.0,0.0,0.0096,0.0065,0.0,0.0
0.3,20,0.45,15,10.0,1.5,3.0,0.0,0.0096,0.0065,0.0,0.0
0.3,20,0.45,10,10.0,1.5,3.0,0.0,0.0096,0.0065,0.0,0.0
0.3,20,0.45,5,10.0,1.5,3.0,0.0,0.0096,0.0065,0.0,0.0
0.35,20,0.4,15,10.0,1.5,3.0,0.0,0.0096,0.0065,0.0,0.0
0.35,20,0.4,10,10.0,1.5,3.0,0.0,0.0096,0.0065,0.0,0.0
0.35,20,0.4,5,10.0,1.5,3.0,0.0,0.0096,0.0065,0.0,0.0
0.35,20,0.425,15,10.0,1.5,3.0,0.0,0.0096,0.0065,0.0,0.0
0.35,20,0.425,10,10.0,1.5,3.0,0.0,0.0096,0.0065,0.0,0.0
0.35,20,0.425,5,10.0,1.5,3.0,0.0,0.0096,0.0065,0.0,0.0
0.35,20,0.45,15,10.0,1.5,3.0,0.0,0.0096,0.0065,0.0,0.0
0.35,20,0.45,10,10.0,1.5,3.0,0.0,0.0096,0.0065,0.0,0.0
0.35,20,0.45,5,10.0,1.5,3.0,0.0,0.0096,0.0065,0.0,0.0
0.35,20,0.475,15,10.0,1.5,3.0,0.0,0.0096,0.0065,0.0,0.0
0.35,20,0.475,10,10.0,1.5,3.0,0.0,0.0096,0.0065,0.0,0.0
0.35,20,0.475,5,10.0,1.5,3.0,0.0,0.0096,0.0065,0.0,0.0
0.35,20,0.5,15,10.0,1.5,3.0,0.0,0.0096,0.0065,0.0,0.0
0.35,20,0.5,10,10.0,1.5,3.0,0.0,0.0096,0.0065,0.0,0.0
0.35,20,0.5,5,10.0,1.5,3.0,0.0,0.0096,0.0065,0.0,0.0
0.4,20,0.45,15,10.0,1.5,3.0,0.0,0.0096,0.0065,0.0,0.0
0.4,20,0.45,10,10.0,1.5,3.0,0.0,0.0096,0.0065,0.0,0.0
0.4,20,0.45,5,10.0,1.5,3.0,0.0,0.0096,0.0065,0.0,0.0
0.4,20,0.475,15,10.0,1.5,3.0,0.0,0.0096,0.0065,0.0,0.0
0.4,20,0.475,10,10.0,1.5,3.0,0.0,0.0096,0.0065,0.0,0.0
0.4,20,0.475,5,10.0,1.5,3.0,0.0,0.0096,0.0065,0.0,0.0
0.4,20,0.5,15,10.0,1.5,3.0,0.0,0.0096,0.0065,0.0,0.0
0.4,20,0.5,10,10.0,1.5,3.0,0.0,0.0096,0.0065,0.0,0.0
0.4,20,0.5,5,10.0,1.5,3.0,0.0,0.0096,0.0065,0.0,0.0
0.4,20,0.525,15,10.0,1.5,3.0,0.0,0.0096,0.0065,0.0,0.0
0.4,20,0.525,10,10.0,1.5,3.0,0.0,0.0096,0.0065,0.0,0.0
0.4,20,0.525,5,10.0,1.5,3.0,0.0,0.0096,0.0065,0.0,0.0
0.4,20,0.55,15,10.0,1.5,3.0,0.0,0.0096,0.0065,0.0,0.0
0.4,20,0.55,10,10.0,1.5,3.0,0.0,0.0096,0.0065,0.0,0.0
0.4,20,0.55,5,10.0,1.5,3.0,0.0,0.0096,0.0065,0.0,0.0
0.1,15,0.15,10,10.0,1.5,3.0,0.0,0.0121,0.0069,0.0,0.0
0.1,15,0.15,5,10.0,1.5,3.0,0.0,0.0121,0.0069,0.0,0.0
0.1,15,0.15,1,10.0,1.5,3.0,0.0,0.0121,0.0069,0.0,0.0
0.1,15,0.175,10,10.0,1.5,3.0,0.0,0.0121,0.0069,0.0,0.0
0.1,15,0.175,5,10.0,1.5,3.0,0.0,0.0121,0.0069,0.0,0.0
0.1,15,0.175,1,10.0,1.5,3.0,0.0,0.0121,0.0069,0.0,0.0
0.1,15,0.2,10,10.0,1.5,3.0,0.0,0.0121,0.0069,0.0,0.0
0.1,15,0.2,5,10.0,1.5,3.0,0.0,0.0121,0.0069,0.0,0.0
0.1,15,0.2,1,10.0,1.5,3.0,0.0,0.0121,0.0069,0.0,0.0
0.1,15,0.225,10,10.0,1.5,3.0,0.0,0.0121,0.0069,0.0,0.0
0.1,15,0.225,5,10.0,1.5,3.0,0.0,0.0121,0.0069,0.0,0.0
0.1,15,0.225,1,10.0,1.5,3.0,0.0,0.0121,0.0069,0.0,0.0
0.1,15,0.25,10,10.0,1.5,3.0,0.0,0.0121,0.0069,0.0,0.0
0.1,15,0.25,5,10.0,1.5,3.0,0.0,0.0121,0.0069,0.0,0.0
0.1,15,0.25,1,10.0,1.5,3.0,0.0,0.0121,0.0069,0.0,0.0
0.15,15,0.2,10,10.0,1.5,3.0,0.0,0.0121,0.0069,0.0,0.0
0.15,15,0.2,5,10.0,1.5,3.0,0.0,0.0121,0.0069,0.0,0.0
0.15,15,0.2,1,10.0,1.5,3.0,0.0,0.0121,0.0069,0.0,0.0
0.15,15,0.225,10,10.0,1.5,3.0,0.0,0.0121,0.0069,0.0,0.0
0.15,15,0.225,5,10.0,1.5,3.0,0.0,0.0121,0.0069,0.0,0.0
0.15,15,0.225,1,10.0,1.5,3.0,0.0,0.0121,0.0069,0.0,0.0
0.15,15,0.25,10,10.0,1.5,3.0,0.0,0.0121,0.0069,0.0,0.0
0.15,15,0.25,5,10.0,1.5,3.0,0.0,0.0121,0.0069,0.0,0.0
0.15,15,0.25,1,10.0,1.5,3.0,0.0,0.0121,0.0069,0.0,0.0
0.15,15,0.275,10,10.0,1.5,3.0,0.0,0.0121,0.0069,0.0,0.0
0.15,15,0.275,5,10.0,1.5,3.0,0.0,0.0121,0.0069,0.0,0.0
0.15,15,0.275,1,10.0,1.5,3.0,0.0,0.0121,0.0069,0.0,0.0
0.15,15,0.3,10,10.0,1.5,3.0,0.0,0.0121,0.0069,0.0,0.0
0.15,15,0.3,5,10.0,1.5,3.0,0.0,0.0121,0.0069,0.0,0.0
0.15,15,0.3,1,10.0,1.5,3.0,0.0,0.0121,0.0069,0.0,0.0
0.2,15,0.25,10,10.0,1.5,3.0,0.0,0.0121,0.0069,0.0,0.0
0.2,15,0.25,5,10.0,1.5,3.0,0.0,0.0121,0.0069,0.0,0.0
0.2,15,0.25,1,10.0,1.5,3.0,0.0,0.0121,0.0069,0.0,0.0
0.2,15,0.275,10,10.0,1.5,3.0,0.0,0.0121,0.0069,0.0,0.0
0.2,15,0.275,5,10.0,1.5,3.0,0.0,0.0121,0.0069,0.0,0.0
0.2,15,0.275,1,10.0,1.5,3.0,0.0,0.0121,0.0069,0.0,0.0
0.2,15,0.3,10,10.0,1.5,3.0,0.0,0.0121,0.0069,0.0,0.0
0.2,15,0.3,5,10.0,1.5,3.0,0.0,0.0121,0.0069,0.0,0.0
0.2,15,0.3,1,10.0,1.5,3.0,0.0,0.0121,0.0069,0.0,0.0
0.2,15,0.325,10,10.0,1.5,3.0,0.0,0.0121,0.0069,0.0,0.0
0.2,15,0.325,5,10.0,1.5,3.0,0.0,0.0121,0.0069,0.0,0.0
0.2,15,0.325,1,10.0,1.5,3.0,0.0,0.0121,0.0069,0.0,0.0
0.2,15,0.35,10,10.0,1.5,3.0,0.0,0.0121,0.0069,0.0,0.0
0.2,15,0.35,5,10.0,1.5,3.0,0.0,0.0121,0.0069,0.0,0.0
0.2,15,0.35,1,10.0,1.5,3.0,0.0,0.0121,0.0069,0.0,0.0
0.25,15,0.3,10,10.0,1.5,3.0,0.0,0.0121,0.0069,0.0,0.0
0.25,15,0.3,5,10.0,1.5,3.0,0.0,0.0121,0.0069,0.0,0.0
0.25,15,0.3,1,10.0,1.5,3.0,0.0,0.0121,0.0069,0.0,0.0
0.25,15,0.325,10,10.0,1.5,3.0,0.0,0.0121,0.0069,0.0,0.0
0.25,15,0.325,5,10.0,1.5,3.0,0.0,0.0121,0.0069,0.0,0.0
0.25,15,0.325,1,10.0,1.5,3.0,0.0,0.0121,0.0069,0.0,0.0
0.25,15,0.35,10,10.0,1.5,3.0,0.0,0.0121,0.0069,0.0,0.0
0.25,15,0.35,5,10.0,1.5,3.0,0.0,0.0121,0.0069,0.0,0.0
0.25,15,0.35,1,10.0,1.5,3.0,0.0,0.0121,0.0069,0.0,0.0
0.25,15,0.375,10,10.0,1.5,3.0,0.0,0.0121,0.0069,0.0,0.0
0.25,15,0.375,5,10.0,1.5,3.0,0.0,0.0121,0.0069,0.0,0.0
0.25,15,0.375,1,10.0,1.5,3.0,0.0,0.0121,0.0069,0.0,0.0
0.25,15,0.4,10,10.0,1.5,3.0,0.0,0.0121,0.0069,0.0,0.0
0.25,15,0.4,5,10.0,1.5,3.0,0.0,0.0121,0.0069,0.0,0.0
0.25,15,0.4,1,10.0,1.5,3.0,0.0,0.0121,0.0069,0.0,0.0
0.3,15,0.35,10,10.0,1.5,3.0,0.0,0.0121,0.0069,0.0,0.0
0.3,15,0.35,5,10.0,1.5,3.0,0.0,0.0121,0.0069,0.0,0.0
0.3,15,0.35,1,10.0,1.5,3.0,0.0,0.0121,0.0069,0.0,0.0
0.3,15,0.375,10,10.0,1.5,3.0,0.0,0.0121,0.0069,0.0,0.0
0.3,15,0.375,5,10.0,1.5,3.0,0.0,0.0121,0.0069,0.0,0.0
0.3,15,0.375,1,10.0,1.5,3.0,0.0,0.0121,0.0069,0.0,0.0
0.3,15,0.4,10,10.0,1.5,3.0,0.0,0.0121,0.0069,0.0,0.0
0.3,15,0.4,5,10.0,1.5,3.0,0.0,0.0121,0.0069,0.0,0.0
0.3,15,0.4,1,10.0,1.5,3.0,0.0,0.0121,0.0069,0.0,0.0
0.3,15,0.425,10,10.0,1.5,3.0,0.0,0.0121,0.0069,0.0,0.0
0.3,15,0.425,5,10.0,1.5,3.0,0.0,0.0121,0.0069,0.0,0.0
0.3,15,0.425,1,10.0,1.5,3.0,0.0,0.0121,0.0069,0.0,0.0
0.3,15,0.45,10,10.0,1.5,3.0,0.0,0.0121,0.0069,0.0,0.0
0.3,15,0.45,5,10.0,1.5,3.0,0.0,0.0121,0.0069,0.0,0.0
0.3,15,0.45,1,10.0,1.5,3.0,0.0,0.0121,0.0069,0.0,0.0
0.35,15,0.4,10,10.0,1.5,3.0,0.0,0.0121,0.0069,0.0,0.0
0.35,15,0.4,5,10.0,1.5,3.0,0.0,0.0121,0.0069,0.0,0.0
0.35,15,0.4,1,10.0,1.5,3.0,0.0,0.0121,0.0069,0.0,0.0
0.35,15,0.425,10,10.0,1.5,3.0,0.0,0.0121,0.0069,0.0,0.0
0.35,15,0.425,5,10.0,1.5,3.0,0.0,0.0121,0.0069,0.0,0.0
0.35,15,0.425,1,10.0,1.5,3.0,0.0,0.0121,0.0069,0.0,0.0
0.35,15,0.45,10,10.0,1.5,3.0,0.0,0.0121,0.0069,0.0,0.0
0.35,15,0.45,5,10.0,1.5,3.0,0.0,0.0121,0.0069,0.0,0.0
0.35,15,0.45,1,10.0,1.5,3.0,0.0,0.0121,0.0069,0.0,0.0
0.35,15,0.475,10,10.0,1.5,3.0,0.0,0.0121,0.0069,0.0,0.0
0.35,15,0.475,5,10.0,1.5,3.0,0.0,0.0121,0.0069,0.0,0.0
0.35,15,0.475,1,10.0,1.5,3.0,0.0,0.0121,0.0069,0.0,0.0
0.35,15,0.5,10,10.0,1.5,3.0,0.0,0.0121,0.0069,0.0,0.0
0.35,15,0.5,5,10.0,1.5,3.0,0.0,0.0121,0.0069,0.0,0.0
0.35,15,0.5,1,10.0,1.5,3.0,0.0,0.0121,0.0069,0.0,0.0
0.4,15,0.45,10,10.0,1.5,3.0,0.0,0.0121,0.0069,0.0,0.0
0.4,15,0.45,5,10.0,1.5,3.0,0.0,0.0121,0.0069,0.0,0.0
0.4,15,0.45,1,10.0,1.5,3.0,0.0,0.0121,0.0069,0.0,0.0
0.4,15,0.475,10,10.0,1.5,3.0,0.0,0.0121,0.0069,0.0,0.0
0.4,15,0.475,5,10.0,1.5,3.0,0.0,0.0121,0.0069,0.0,0.0
0.4,15,0.475,1,10.0,1.5,3.0,0.0,0.0121,0.0069,0.0,0.0
0.4,15,0.5,10,10.0,1.5,3.0,0.0,0.0121,0.0069,0.0,0.0
0.4,15,0.5,5,10.0,1.5,3.0,0.0,0.0121,0.0069,0.0,0.0
0.4,15,0.5,1,10.0,1.5,3.0,0.0,0.0121,0.0069,0.0,0.0
0.4,15,0.525,10,10.0,1.5,3.0,0.0,0.0121,0.0069,0.0,0.0
0.4,15,0.525,5,10.0,1.5,3.0,0.0,0.0121,0.0069,0.0,0.0
0.4,15,0.525,1,10.0,1.5,3.0,0.0,0.0121,0.0069,0.0,0.0
0.4,15,0.55,10,10.0,1.5,3.0,0.0,0.0121,0.0069,0.0,0.0
0.4,15,0.55,5,10.0,1.5,3.0,0.0,0.0121,0.0069,0.0,0.0
0.4,15,0.55,1,10.0,1.5,3.0,0.0,0.0121,0.0069,0.0,0.0
0.1,10,0.15,5,10.0,1.5,3.0,0.0,0.018,0.0097,0.0,0.0
0.1,10,0.15,1,10.0,1.5,3.0,0.0,0.018,0.0097,0.0,0.0
0.1,10,0.15,1,10.0,1.5,3.0,0.0,0.018,0.0097,0.0,0.0
0.1,10,0.175,5,10.0,1.5,3.0,0.0,0.018,0.0097,0.0,0.0
0.1,10,0.175,1,10.0,1.5,3.0,0.0,0.018,0.0097,0.0,0.0
0.1,10,0.175,1,10.0,1.5,3.0,0.0,0.018,0.0097,0.0,0.0
0.1,10,0.2,5,10.0,1.5,3.0,0.0,0.018,0.0097,0.0,0.0
0.1,10,0.2,1,10.0,1.5,3.0,0.0,0.018,0.0097,0.0,0.0
0.1,10,0.2,1,10.0,1.5,3.0,0.0,0.018,0.0097,0.0,0.0
0.1,10,0.225,5,10.0,1.5,3.0,0.0,0.018,0.0097,0.0,0.0
0.1,10,0.225,1,10.0,1.5,3.0,0.0,0.018,0.0097,0.0,0.0
0.1,10,0.225,1,10.0,1.5,3.0,0.0,0.018,0.0097,0.0,0.0
0.1,10,0.25,5,10.0,1.5,3.0,0.0,0.018,0.0097,0.0,0.0
0.1,10,0.25,1,10.0,1.5,3.0,0.0,0.018,0.0097,0.0,0.0
0.1,10,0.25,1,10.0,1.5,3.0,0.0,0.018,0.0097,0.0,0.0
0.15,10,0.2,5,10.0,1.5,3.0,0.0,0.018,0.0097,0.0,0.0
0.15,10,0.2,1,10.0,1.5,3.0,0.0,0.018,0.0097,0.0,0.0
0.15,10,0.2,1,10.0,1.5,3.0,0.0,0.018,0.0097,0.0,0.0
0.15,10,0.225,5,10.0,1.5,3.0,0.0,0.018,0.0097,0.0,0.0
0.15,10,0.225,1,10.0,1.5,3.0,0.0,0.018,0.0097,0.0,0.0
0.15,10,0.225,1,10.0,1.5,3.0,0.0,0.018,0.0097,0.0,0.0
0.15,10,0.25,5,10.0,1.5,3.0,0.0,0.018,0.0097,0.0,0.0
0.15,10,0.25,1,10.0,1.5,3.0,0.0,0.018,0.0097,0.0,0.0
0.15,10,0.25,1,10.0,1.5,3.0,0.0,0.018,0.0097,0.0,0.0
0.15,10,0.275,5,10.0,1.5,3.0,0.0,0.018,0.0097,0.0,0.0
0.15,10,0.275,1,10.0,1.5,3.0,0.0,0.018,0.0097,0.0,0.0
0.15,10,0.275,1,10.0,1.5,3.0,0.0,0.018,0.0097,0.0,0.0
0.15,10,0.3,5,10.0,1.5,3.0,0.0,0.018,0.0097,0.0,0.0
0.15,10,0.3,1,10.0,1.5,3.0,0.0,0.018,0.0097,0.0,0.0
0.15,10,0.3,1,10.0,1.5,3.0,0.0,0.018,0.0097,0.0,0.0
0.2,10,0.25,5,10.0,1.5,3.0,0.0,0.018,0.0097,0.0,0.0
0.2,10,0.25,1,10.0,1.5,3.0,0.0,0.018,0.0097,0.0,0.0
0.2,10,0.25,1,10.0,1.5,3.0,0.0,0.018,0.0097,0.0,0.0
0.2,10,0.275,5,10.0,1.5,3.0,0.0,0.018,0.0097,0.0,0.0
0.2,10,0.275,1,10.0,1.5,3.0,0.0,0.018,0.0097,0.0,0.0
0.2,10,0.275,1,10.0,1.5,3.0,0.0,0.018,0.0097,0.0,0.0
0.2,10,0.3,5,10.0,1.5,3.0,0.0,0.018,0.0097,0.0,0.0
0.2,10,0.3,1,10.0,1.5,3.0,0.0,0.018,0.0097,0.0,0.0
0.2,10,0.3,1,10.0,1.5,3.0,0.0,0.018,0.0097,0.0,0.0
0.2,10,0.325,5,10.0,1.5,3.0,0.0,0.018,0.0097,0.0,0.0
0.2,10,0.325,1,10.0,1.5,3.0,0.0,0.018,0.0097,0.0,0.0
0.2,10,0.325,1,10.0,1.5,3.0,0.0,0.018,0.0097,0.0,0.0
0.2,10,0.35,5,10.0,1.5,3.0,0.0,0.018,0.0097,0.0,0.0
0.2,10,0.35,1,10.0,1.5,3.0,0.0,0.018,0.0097,0.0,0.0
0.2,10,0.35,1,10.0,1.5,3.0,0.0,0.018,0.0097,0.0,0.0
0.25,10,0.3,5,10.0,1.5,3.0,0.0,0.018,0.0097,0.0,0.0
0.25,10,0.3,1,10.0,1.5,3.0,0.0,0.018,0.0097,0.0,0.0
0.25,10,0.3,1,10.0,1.5,3.0,0.0,0.018,0.0097,0.0,0.0
0.25,10,0.325,5,10.0,1.5,3.0,0.0,0.018,0.0097,0.0,0.0
0.25,10,0.325,1,10.0,1.5,3.0,0.0,0.018,0.0097,0.0,0.0
0.25,10,0.325,1,10.0,1.5,3.0,0.0,0.018,0.0097,0.0,0.0
0.25,10,0.35,5,10.0,1.5,3.0,0.0,0.018,0.0097,0.0,0.0
0.25,10,0.35,1,10.0,1.5,3.0,0.0,0.018,0.0097,0.0,0.0
0.25,10,0.35,1,10.0,1.5,3.0,0.0,0.018,0.0097,0.0,0.0
0.25,10,0.375,5,10.0,1.5,3.0,0.0,0.018,0.0097,0.0,0.0
0.25,10,0.375,1,10.0,1.5,3.0,0.0,0.018,0.0097,0.0,0.0
0.25,10,0.375,1,10.0,1.5,3.0,0.0,0.018,0.0097,0.0,0.0
0.25,10,0.4,5,10.0,1.5,3.0,0.0,0.018,0.0097,0.0,0.0
0.25,10,0.4,1,10.0,1.5,3.0,0.0,0.018,0.0097,0.0,0.0
0.25,10,0.4,1,10.0,1.5,3.0,0.0,0.018,0.0097,0.0,0.0
0.3,10,0.35,5,10.0,1.5,3.0,0.0,0.018,0.0097,0.0,0.0
0.3,10,0.35,1,10.0,1.5,3.0,0.0,0.018,0.0097,0.0,0.0
0.3,10,0.35,1,10.0,1.5,3.0,0.0,0.018,0.0097,0.0,0.0
0.3,10,0.375,5,10.0,1.5,3.0,0.0,0.018,0.0097,0.0,0.0
0.3,10,0.375,1,10.0,1.5,3.0,0.0,0.018,0.0097,0.0,0.0
0.3,10,0.375,1,10.0,1.5,3.0,0.0,0.018,0.0097,0.0,0.0
0.3,10,0.4,5,10.0,1.5,3.0,0.0,0.018,0.0097,0.0,0.0
0.3,10,0.4,1,10.0,1.5,3.0,0.0,0.018,0.0097,0.0,0.0
0.3,10,0.4,1,10.0,1.5,3.0,0.0,0.018,0.0097,0.0,0.0
0.3,10,0.425,5,10.0,1.5,3.0,0.0,0.018,0.0097,0.0,0.0
0.3,10,0.425,1,10.0,1.5,3.0,0.0,0.018,0.0097,0.0,0.0
0.3,10,0.425,1,10.0,1.5,3.0,0.0,0.018,0.0097,0.0,0.0
0.3,10,0.45,5,10.0,1.5,3.0,0.0,0.018,0.0097,0.0,0.0
0.3,10,0.45,1,10.0,1.5,3.0,0.0,0.018,0.0097,0.0,0.0
0.3,10,0.45,1,10.0,1.5,3.0,0.0,0.018,0.0097,0.0,0.0
0.35,10,0.4,5,10.0,1.5,3.0,0.0,0.018,0.0097,0.0,0.0
0.35,10,0.4,1,10.0,1.5,3.0,0.0,0.018,0.0097,0.0,0.0
0.35,10,0.4,1,10.0,1.5,3.0,0.0,0.018,0.0097,0.0,0.0
0.35,10,0.425,5,10.0,1.5,3.0,0.0,0.018,0.0097,0.0,0.0
0.35,10,0.425,1,10.0,1.5,3.0,0.0,0.018,0.0097,0.0,0.0
0.35,10,0.425,1,10.0,1.5,3.0,0.0,0.018,0.0097,0.0,0.0
0.35,10,0.45,5,10.0,1.5,3.0,0.0,0.018,0.0097,0.0,0.0
0.35,10,0.45,1,10.0,1.5,3.0,0.0,0.018,0.0097,0.0,0.0
0.35,10,0.45,1,10.0,1.5,3.0,0.0,0.018,0.0097,0.0,0.0
0.35,10,0.475,5,10.0,1.5,3.0,0.0,0.018,0.0097,0.0,0.0
0.35,10,0.475,1,10.0,1.5,3.0,0.0,0.018,0.0097,0.0,0.0
0.35,10,0.475,1,10.0,1.5,3.0,0.0,0.018,0.0097,0.0,0.0
0.35,10,0.5,5,10.0,1.5,3.0,0.0,0.018,0.0097,0.0,0.0
0.35,10,0.5,1,10.0,1.5,3.0,0.0,0.018,0.0097,0.0,0.0
0.35,10,0.5,1,10.0,1.5,3.0,0.0,0.018,0.0097,0.0,0.0
0.4,10,0.45,5,10.0,1.5,3.0,0.0,0.018,0.0097,0.0,0.0
0.4,10,0.45,1,10.0,1.5,3.0,0.0,0.018,0.0097,0.0,0.0
0.4,10,0.45,1,10.0,1.5,3.0,0.0,0.018,0.0097,0.0,0.0
0.4,10,0.475,5,10.0,1.5,3.0,0.0,0.018,0.0097,0.0,0.0
0.4,10,0.475,1,10.0,1.5,3.0,0.0,0.018,0.0097,0.0,0.0
0.4,10,0.475,1,10.0,1.5,3.0,0.0,0.018,0.0097,0.0,0.0
0.4,10,0.5,5,10.0,1.5,3.0,0.0,0.018,0.0097,0.0,0.0
0.4,10,0.5,1,10.0,1.5,3.0,0.0,0.018,0.0097,0.0,0.0
0.4,10,0.5,1,10.0,1.5,3.0,0.0,0.018,0.0097,0.0,0.0
0.4,10,0.525,5,10.0,1.5,3.0,0.0,0.018,0.0097,0.0,0.0
0.4,10,0.525,1,10.0,1.5,3.0,0.0,0.018,0.0097,0.0,0.0
0.4,10,0.525,1,10.0,1.5,3.0,0.0,0.018,0.0097,0.0,0.0
0.4,10,0.55,5,10.0,1.5,3.0,0.0,0.018,0.0097,0.0,0.0
0.4,10,0.55,1,10.0,1.5,3.0,0.0,0.018,0.0097,0.0,0.0
0.4,10,0.55,1,10.0,1.5,3.0,0.0,0.018,0.0097,0.0,0.0
